-- MySQL dump 10.11
--
-- Host: localhost    Database: strac_development
-- ------------------------------------------------------
-- Server version	5.0.38-Ubuntu_0ubuntu1-log

/*!40101 SET @OLD_CHARACTER_SET_CLIENT=@@CHARACTER_SET_CLIENT */;
/*!40101 SET @OLD_CHARACTER_SET_RESULTS=@@CHARACTER_SET_RESULTS */;
/*!40101 SET @OLD_COLLATION_CONNECTION=@@COLLATION_CONNECTION */;
/*!40101 SET NAMES utf8 */;
/*!40103 SET @OLD_TIME_ZONE=@@TIME_ZONE */;
/*!40103 SET TIME_ZONE='+00:00' */;
/*!40014 SET @OLD_UNIQUE_CHECKS=@@UNIQUE_CHECKS, UNIQUE_CHECKS=0 */;
/*!40014 SET @OLD_FOREIGN_KEY_CHECKS=@@FOREIGN_KEY_CHECKS, FOREIGN_KEY_CHECKS=0 */;
/*!40101 SET @OLD_SQL_MODE=@@SQL_MODE, SQL_MODE='NO_AUTO_VALUE_ON_ZERO' */;
/*!40111 SET @OLD_SQL_NOTES=@@SQL_NOTES, SQL_NOTES=0 */;

--
-- Table structure for table `activities`
--

DROP TABLE IF EXISTS `activities`;
CREATE TABLE `activities` (
  `id` int(11) NOT NULL auto_increment,
  `actor_id` int(11) default NULL,
  `action` varchar(255) default NULL,
  `created_at` datetime default NULL,
  `project_id` int(11) default NULL,
  `affected_id` int(11) default NULL,
  `affected_type` varchar(255) default NULL,
  PRIMARY KEY  (`id`)
) ENGINE=InnoDB DEFAULT CHARSET=latin1;

--
-- Dumping data for table `activities`
--

LOCK TABLES `activities` WRITE;
/*!40000 ALTER TABLE `activities` DISABLE KEYS */;
INSERT INTO `activities` VALUES (1,1,'updated points for S104','2007-04-13 01:44:56',1,NULL,NULL),(2,1,'assigned S104 to USER1','2007-04-13 01:44:56',1,NULL,NULL),(3,1,'marked S104 as STATUS3','2007-04-13 01:44:56',1,NULL,NULL),(4,1,'updated S104','2007-04-13 01:44:56',1,NULL,NULL),(5,1,'assigned S103 to USER1','2007-04-13 01:45:09',1,NULL,NULL),(6,1,'marked S103 as STATUS3','2007-04-13 01:45:10',1,NULL,NULL),(7,1,'updated points for S99','2007-04-13 01:48:33',1,NULL,NULL),(8,1,'updated points for S98','2007-04-13 01:48:35',1,NULL,NULL),(9,1,'updated points for S96','2007-04-13 01:48:37',1,NULL,NULL),(10,1,'updated points for S68','2007-04-13 01:48:38',1,NULL,NULL),(11,1,'marked S115 as STATUS1','2007-04-13 01:50:30',1,NULL,NULL),(12,1,'marked S117 as STATUS1','2007-04-13 01:50:31',1,NULL,NULL),(13,1,'marked S111 as STATUS1','2007-04-13 01:50:32',1,NULL,NULL),(14,1,'marked S106 as STATUS1','2007-04-13 01:50:34',1,NULL,NULL),(15,1,'marked S110 as STATUS1','2007-04-13 01:50:35',1,NULL,NULL),(16,1,'updated points for S110','2007-04-13 01:54:38',1,NULL,NULL),(17,1,'updated points for S70','2007-04-13 01:54:47',1,NULL,NULL),(18,1,'updated points for S90','2007-04-13 01:54:49',1,NULL,NULL),(19,1,'updated points for S106','2007-04-13 01:54:55',1,NULL,NULL),(20,1,'updated points for S115','2007-04-13 01:54:57',1,NULL,NULL),(21,1,'updated points for S117','2007-04-13 01:55:01',1,NULL,NULL),(22,1,'updated points for S111','2007-04-13 01:55:03',1,NULL,NULL),(23,1,'marked S108 as STATUS1','2007-04-13 01:55:13',1,NULL,NULL),(24,1,'marked S105 as STATUS1','2007-04-13 01:55:14',1,NULL,NULL),(25,1,'marked S101 as STATUS1','2007-04-13 01:55:19',1,NULL,NULL),(26,1,'marked S102 as STATUS1','2007-04-13 01:55:19',1,NULL,NULL),(27,1,'marked S113 as STATUS1','2007-04-13 01:55:22',1,NULL,NULL),(28,1,'marked S112 as STATUS1','2007-04-13 01:55:23',1,NULL,NULL),(29,1,'marked S114 as STATUS1','2007-04-13 01:55:24',1,NULL,NULL),(30,1,'assigned S116 to USER1','2007-04-13 02:39:49',4,116,'Story'),(31,1,'created S118','2007-04-13 14:59:06',5,118,'Story'),(32,1,'created S119','2007-04-13 14:59:50',5,119,'Story'),(33,1,'updated S118','2007-04-13 15:01:03',5,118,'Story'),(34,1,'created S120','2007-04-13 15:01:47',5,120,'Story'),(35,8,'created S121','2007-04-13 15:01:52',5,121,'Story'),(36,1,'created S122','2007-04-13 15:02:36',5,122,'Story'),(37,1,'updated S121','2007-04-13 15:02:55',5,121,'Story'),(38,8,'created S123','2007-04-13 15:04:04',5,123,'Story'),(39,1,'created S124','2007-04-13 15:04:35',5,124,'Story'),(40,8,'created S125','2007-04-13 15:05:42',5,125,'Story'),(41,1,'created S126','2007-04-13 15:05:58',5,126,'Story'),(42,8,'created S127','2007-04-13 15:06:18',5,127,'Story'),(43,1,'updated S124','2007-04-13 15:06:19',5,124,'Story'),(44,1,'updated S126','2007-04-13 15:06:27',5,126,'Story'),(45,1,'created S128','2007-04-13 15:07:45',5,128,'Story'),(46,8,'created S129','2007-04-13 15:08:57',5,129,'Story'),(47,1,'created S130','2007-04-13 15:09:23',5,130,'Story'),(48,8,'created S131','2007-04-13 15:09:30',5,131,'Story'),(49,1,'created S132','2007-04-13 15:17:34',5,132,'Story'),(50,8,'created S133','2007-04-13 15:17:49',5,133,'Story'),(51,1,'created S134','2007-04-13 15:18:03',5,134,'Story'),(52,8,'created S135','2007-04-13 15:18:15',5,135,'Story'),(53,1,'created S136','2007-04-13 15:19:28',5,136,'Story'),(54,1,'updated S123','2007-04-13 15:19:35',5,123,'Story'),(55,1,'created S137','2007-04-13 15:20:02',5,137,'Story'),(56,8,'created S138','2007-04-13 15:20:02',5,138,'Story'),(57,1,'destroyed S123','2007-04-13 15:22:08',5,123,'Story'),(58,1,'updated S136','2007-04-13 15:22:41',5,136,'Story'),(59,8,'updated S136','2007-04-13 15:24:37',5,136,'Story'),(60,1,'updated S130','2007-04-13 15:25:08',5,130,'Story'),(61,1,'created S139','2007-04-13 15:31:09',5,139,'Story'),(62,8,'created S140','2007-04-13 15:32:31',5,140,'Story'),(63,1,'created S141','2007-04-13 15:33:06',5,141,'Story'),(64,8,'created S142','2007-04-13 15:34:08',5,142,'Story'),(65,8,'created S143','2007-04-13 15:34:54',5,143,'Story'),(66,1,'created S144','2007-04-13 15:35:13',5,144,'Story'),(67,1,'updated S144','2007-04-13 15:35:21',5,144,'Story'),(68,1,'updated S139','2007-04-13 15:35:27',5,139,'Story'),(69,1,'created S145','2007-04-13 15:36:31',5,145,'Story'),(70,8,'created S146','2007-04-13 15:36:54',5,146,'Story'),(71,1,'created S147','2007-04-13 15:38:06',5,147,'Story'),(72,8,'created S148','2007-04-13 15:38:39',5,148,'Story'),(73,8,'created S149','2007-04-13 15:41:01',5,149,'Story'),(74,8,'created S150','2007-04-13 15:41:27',5,150,'Story'),(75,1,'created S151','2007-04-13 15:41:40',5,151,'Story'),(76,8,'created S152','2007-04-13 15:42:24',5,152,'Story'),(77,1,'created S153','2007-04-13 15:42:56',5,153,'Story'),(78,8,'created S154','2007-04-13 15:43:54',5,154,'Story'),(79,1,'created S155','2007-04-13 15:44:20',5,155,'Story'),(80,1,'created S156','2007-04-13 15:45:10',5,156,'Story'),(81,8,'created S157','2007-04-13 15:45:39',5,157,'Story'),(82,1,'created S158','2007-04-13 15:45:53',5,158,'Story'),(83,1,'created S159','2007-04-13 15:47:12',5,159,'Story'),(84,8,'created S160','2007-04-13 15:47:49',5,160,'Story'),(85,1,'created S161','2007-04-13 15:48:01',5,161,'Story'),(86,8,'created S162','2007-04-13 15:48:14',5,162,'Story'),(87,8,'created S163','2007-04-13 15:48:54',5,163,'Story'),(88,8,'created S164','2007-04-13 15:49:40',5,164,'Story'),(89,1,'created S165','2007-04-13 15:49:46',5,165,'Story'),(90,1,'updated S165','2007-04-13 15:50:11',5,165,'Story'),(91,1,'created S166','2007-04-13 15:50:28',5,166,'Story'),(92,8,'created S167','2007-04-13 15:51:16',5,167,'Story'),(93,8,'updated S167','2007-04-13 15:51:43',5,167,'Story'),(94,1,'updated points for S118','2007-04-13 15:53:53',5,118,'Story'),(95,1,'updated points for S120','2007-04-13 15:54:05',5,120,'Story'),(96,1,'updated points for S122','2007-04-13 15:54:07',5,122,'Story'),(97,1,'updated points for S132','2007-04-13 15:54:11',5,132,'Story'),(98,1,'updated points for S134','2007-04-13 15:54:14',5,134,'Story'),(99,1,'updated points for S149','2007-04-13 15:54:21',5,149,'Story'),(100,1,'updated points for S150','2007-04-13 15:54:22',5,150,'Story'),(101,1,'updated points for S160','2007-04-13 15:54:28',5,160,'Story'),(102,1,'updated points for S165','2007-04-13 15:54:32',5,165,'Story'),(103,1,'updated points for S166','2007-04-13 15:54:40',5,166,'Story'),(104,1,'updated points for S166','2007-04-13 15:54:42',5,166,'Story'),(105,1,'updated points for S166','2007-04-13 15:54:45',5,166,'Story'),(106,1,'updated points for S165','2007-04-13 15:54:47',5,165,'Story'),(107,8,'updated points for S162','2007-04-13 15:54:54',5,162,'Story'),(108,1,'updated points for S119','2007-04-13 15:55:34',5,119,'Story'),(109,1,'updated points for S121','2007-04-13 15:55:43',5,121,'Story'),(110,1,'updated points for S124','2007-04-13 15:55:53',5,124,'Story'),(111,1,'updated points for S125','2007-04-13 15:56:22',5,125,'Story'),(112,1,'updated points for S124','2007-04-13 15:56:40',5,124,'Story'),(113,1,'updated points for S126','2007-04-13 15:56:44',5,126,'Story'),(114,1,'updated points for S127','2007-04-13 15:56:54',5,127,'Story'),(115,1,'updated points for S128','2007-04-13 15:57:08',5,128,'Story'),(116,1,'updated points for S129','2007-04-13 15:57:15',5,129,'Story'),(117,1,'updated points for S130','2007-04-13 15:57:24',5,130,'Story'),(118,1,'updated points for S131','2007-04-13 15:57:26',5,131,'Story'),(119,1,'updated points for S133','2007-04-13 15:57:41',5,133,'Story'),(120,1,'updated points for S135','2007-04-13 15:58:12',5,135,'Story'),(121,1,'destroyed S136','2007-04-13 15:58:52',5,136,'Story'),(122,1,'updated points for S137','2007-04-13 15:58:57',5,137,'Story'),(123,1,'updated points for S138','2007-04-13 15:59:05',5,138,'Story'),(124,1,'created S168','2007-04-13 16:00:06',5,168,'Story'),(125,1,'updated points for S168','2007-04-13 16:00:23',5,168,'Story'),(126,1,'updated points for S139','2007-04-13 16:00:42',5,139,'Story'),(127,1,'updated S140','2007-04-13 16:01:25',5,140,'Story'),(128,1,'updated points for S140','2007-04-13 16:01:30',5,140,'Story'),(129,1,'updated S142','2007-04-13 16:01:56',5,142,'Story'),(130,1,'updated S142','2007-04-13 16:03:18',5,142,'Story'),(131,1,'destroyed S142','2007-04-13 16:04:19',5,142,'Story'),(132,1,'updated points for S141','2007-04-13 16:04:33',5,141,'Story'),(133,1,'destroyed S143','2007-04-13 16:05:10',5,143,'Story'),(134,1,'updated points for S145','2007-04-13 16:05:25',5,145,'Story'),(135,1,'updated points for S144','2007-04-13 16:06:26',5,144,'Story'),(136,1,'updated points for S146','2007-04-13 16:08:23',5,146,'Story'),(137,1,'updated S148','2007-04-13 16:08:50',5,148,'Story'),(138,1,'updated points for S147','2007-04-13 16:09:50',5,147,'Story'),(139,1,'updated points for S148','2007-04-13 16:09:52',5,148,'Story'),(140,1,'updated points for S151','2007-04-13 16:10:34',5,151,'Story'),(141,1,'updated S152','2007-04-13 16:13:18',5,152,'Story'),(142,1,'created S169','2007-04-13 16:13:58',5,169,'Story'),(143,1,'created S170','2007-04-13 16:14:18',5,170,'Story'),(144,1,'updated points for S170','2007-04-13 16:14:29',5,170,'Story'),(145,1,'updated points for S169','2007-04-13 16:14:38',5,169,'Story'),(146,1,'updated points for S152','2007-04-13 16:14:45',5,152,'Story'),(147,1,'updated points for S153','2007-04-13 16:15:01',5,153,'Story'),(148,1,'updated points for S154','2007-04-13 16:15:08',5,154,'Story'),(149,1,'updated points for S155','2007-04-13 16:15:29',5,155,'Story'),(150,1,'updated points for S157','2007-04-13 16:15:43',5,157,'Story'),(151,1,'updated points for S156','2007-04-13 16:15:49',5,156,'Story'),(152,1,'updated points for S158','2007-04-13 16:15:56',5,158,'Story'),(153,1,'updated points for S159','2007-04-13 16:16:08',5,159,'Story'),(154,1,'updated points for S161','2007-04-13 16:16:48',5,161,'Story'),(155,1,'updated points for S163','2007-04-13 16:16:57',5,163,'Story'),(156,1,'updated points for S163','2007-04-13 16:17:01',5,163,'Story'),(157,1,'updated points for S164','2007-04-13 16:17:04',5,164,'Story'),(158,1,'updated points for S167','2007-04-13 16:17:12',5,167,'Story'),(159,1,'updated points for S165','2007-04-13 16:20:51',5,165,'Story'),(160,1,'updated points for S166','2007-04-13 16:20:54',5,166,'Story'),(161,1,'created S171','2007-04-13 17:00:18',1,171,'Story'),(162,1,'assigned S171 to USER1','2007-04-13 18:59:19',1,171,'Story'),(163,1,'marked S171 as STATUS2','2007-04-13 18:59:19',1,171,'Story'),(164,1,'updated S171','2007-04-13 18:59:19',1,171,'Story'),(165,1,'added a comment to S171','2007-04-13 19:00:11',1,171,'Story'),(166,1,'updated points for S171','2007-04-13 20:24:11',1,171,'Story'),(167,2,'created S172','2007-04-13 22:48:49',1,172,'Story'),(168,1,'created S173','2007-04-20 11:26:21',6,173,'Story'),(169,1,'created S174','2007-04-20 11:30:56',6,174,'Story'),(170,1,'updated S174','2007-04-20 11:31:38',6,174,'Story'),(171,1,'created S175','2007-04-20 11:34:56',6,175,'Story'),(172,1,'created S176','2007-04-20 11:35:51',6,176,'Story'),(173,1,'created S177','2007-04-20 11:38:25',6,177,'Story'),(174,1,'created S178','2007-04-20 11:38:46',6,178,'Story'),(175,1,'created S179','2007-04-20 11:39:20',6,179,'Story'),(176,1,'created S180','2007-04-20 11:40:13',6,180,'Story'),(177,1,'created S181','2007-04-20 11:41:00',6,181,'Story'),(178,1,'created S182','2007-04-20 11:41:25',6,182,'Story'),(179,1,'created S183','2007-04-20 11:50:59',6,183,'Story'),(180,1,'created S184','2007-04-20 11:51:40',6,184,'Story'),(181,1,'created S185','2007-04-20 11:52:53',6,185,'Story'),(182,1,'created S186','2007-04-20 11:53:37',6,186,'Story'),(183,1,'created S187','2007-04-20 11:54:37',6,187,'Story'),(184,1,'created S188','2007-04-20 11:56:36',6,188,'Story'),(185,1,'created S189','2007-04-20 11:59:29',6,189,'Story'),(186,1,'created S190','2007-04-20 12:00:49',6,190,'Story'),(187,8,'updated S173','2007-04-20 12:05:48',6,173,'Story'),(188,8,'created S191','2007-04-20 12:09:52',6,191,'Story'),(189,8,'created S192','2007-04-20 12:13:03',6,192,'Story'),(190,8,'created S193','2007-04-20 12:15:29',6,193,'Story'),(191,8,'updated S193','2007-04-20 12:16:03',6,193,'Story'),(192,8,'updated S193','2007-04-20 12:16:14',6,193,'Story'),(193,8,'created S194','2007-04-20 12:17:37',6,194,'Story'),(194,8,'updated S192','2007-04-20 12:18:58',6,192,'Story'),(195,8,'created S195','2007-04-20 12:21:47',1,195,'Story'),(196,1,'marked S118 as STATUS3','2007-04-20 15:25:42',5,118,'Story'),(197,1,'moved S118 to I13','2007-04-20 15:25:42',5,118,'Story'),(198,1,'updated S119','2007-04-20 15:40:25',5,119,'Story'),(199,1,'created S196','2007-04-20 15:42:49',4,196,'Story'),(200,1,'created S197','2007-04-20 15:42:56',4,197,'Story'),(201,1,'marked S120 as STATUS3','2007-04-20 16:14:49',5,120,'Story'),(202,1,'marked S122 as STATUS3','2007-04-20 16:15:03',5,122,'Story'),(203,1,'marked S119 as STATUS3','2007-04-23 15:17:02',5,119,'Story'),(204,1,'marked S121 as STATUS3','2007-04-23 15:18:02',5,121,'Story'),(205,1,'marked S132 as STATUS3','2007-04-23 15:31:30',5,132,'Story'),(206,1,'marked S149 as STATUS3','2007-04-23 15:31:44',5,149,'Story'),(207,1,'marked S134 as STATUS3','2007-04-23 15:31:54',5,134,'Story'),(208,1,'marked S150 as STATUS3','2007-04-23 15:32:02',5,150,'Story'),(209,1,'marked S160 as STATUS3','2007-04-23 15:32:15',5,160,'Story'),(210,1,'marked S162 as STATUS3','2007-04-23 15:32:18',5,162,'Story'),(211,1,'updated S121','2007-04-23 15:33:39',5,121,'Story'),(212,1,'updated S119','2007-04-23 15:33:45',5,119,'Story'),(213,1,'updated S121','2007-04-23 15:55:23',5,121,'Story'),(214,1,'created S198','2007-04-23 15:56:00',5,198,'Story'),(215,1,'updated points for S198','2007-04-23 15:56:22',5,198,'Story'),(216,1,'created S199','2007-04-23 15:56:56',5,199,'Story'),(217,1,'updated points for S199','2007-04-23 15:57:08',5,199,'Story'),(218,1,'marked S139 as STATUS3','2007-04-23 15:57:15',5,139,'Story'),(219,1,'marked S198 as STATUS3','2007-04-23 15:57:16',5,198,'Story'),(220,1,'marked S140 as STATUS3','2007-04-23 17:13:44',5,140,'Story'),(221,1,'marked S199 as STATUS3','2007-04-23 17:13:44',5,199,'Story'),(222,1,'marked S151 as STATUS3','2007-04-23 17:13:46',5,151,'Story'),(223,1,'marked S139 as STATUS2','2007-04-23 17:59:57',5,139,'Story'),(224,1,'marked S198 as STATUS2','2007-04-23 17:59:58',5,198,'Story'),(225,1,'marked S140 as STATUS2','2007-04-23 17:59:58',5,140,'Story'),(226,1,'marked S199 as STATUS2','2007-04-23 18:00:00',5,199,'Story'),(227,1,'marked S151 as STATUS2','2007-04-23 18:00:01',5,151,'Story'),(228,1,'moved S139 to I14','2007-04-23 18:04:17',5,139,'Story'),(229,1,'created S200','2007-04-23 23:42:26',1,200,'Story'),(230,1,'created S201','2007-04-23 23:42:45',1,201,'Story'),(231,1,'created S202','2007-04-24 08:52:05',1,202,'Story'),(232,1,'created S203','2007-04-24 08:52:59',1,203,'Story'),(233,1,'updated S110','2007-04-24 08:53:27',1,110,'Story'),(234,1,'created S204','2007-04-24 08:53:57',1,204,'Story'),(235,1,'created S205','2007-04-24 08:56:53',1,205,'Story'),(236,1,'created S206','2007-04-24 15:12:10',5,206,'Story'),(237,1,'created S207','2007-04-24 15:12:29',5,207,'Story'),(238,1,'updated points for S207','2007-04-24 15:12:34',5,207,'Story'),(239,1,'updated S207','2007-04-24 15:14:11',5,207,'Story'),(240,1,'updated S199','2007-04-24 15:14:24',5,199,'Story'),(241,1,'updated S140','2007-04-24 15:14:30',5,140,'Story'),(242,1,'updated S139','2007-04-24 15:14:36',5,139,'Story'),(243,1,'updated S206','2007-04-24 15:14:58',5,206,'Story'),(244,1,'updated S151','2007-04-24 15:15:09',5,151,'Story'),(245,1,'marked S151 as STATUS3','2007-04-24 15:15:16',5,151,'Story'),(246,1,'marked S199 as STATUS3','2007-04-24 15:15:18',5,199,'Story'),(247,1,'updated S198','2007-04-24 15:15:29',5,198,'Story'),(248,1,'marked S140 as STATUS3','2007-04-24 15:15:32',5,140,'Story'),(249,1,'marked S198 as STATUS3','2007-04-24 15:15:33',5,198,'Story'),(250,1,'marked S139 as STATUS3','2007-04-24 15:15:37',5,139,'Story'),(251,1,'updated S147','2007-04-24 15:17:44',5,147,'Story'),(252,1,'updated S147','2007-04-24 15:18:26',5,147,'Story'),(253,1,'updated S148','2007-04-24 15:18:28',5,148,'Story'),(254,1,'updated S153','2007-04-24 15:20:13',5,153,'Story'),(255,1,'updated S148','2007-04-24 15:20:18',5,148,'Story'),(256,1,'updated S147','2007-04-24 15:20:24',5,147,'Story'),(257,1,'created S208','2007-04-24 15:23:39',5,208,'Story'),(258,1,'created S209','2007-04-24 15:24:22',5,209,'Story'),(259,1,'created S210','2007-04-24 15:24:55',5,210,'Story'),(260,1,'updated points for S209','2007-04-24 15:24:59',5,209,'Story'),(261,1,'marked S206 as STATUS3','2007-04-25 16:42:27',5,206,'Story'),(262,1,'marked S207 as STATUS3','2007-04-25 16:43:35',5,207,'Story'),(263,1,'marked S207 as STATUS2','2007-04-25 17:18:26',5,207,'Story'),(264,1,'marked S208 as STATUS2','2007-04-25 17:18:27',5,208,'Story'),(265,1,'marked S209 as STATUS2','2007-04-25 17:18:28',5,209,'Story'),(266,1,'marked S210 as STATUS2','2007-04-25 17:18:29',5,210,'Story'),(267,1,'marked S206 as STATUS2','2007-04-25 17:18:30',5,206,'Story'),(268,1,'marked S210 as STATUS3','2007-04-26 14:22:58',5,210,'Story'),(269,1,'marked S209 as STATUS3','2007-04-26 14:22:59',5,209,'Story'),(270,1,'marked S208 as STATUS3','2007-04-26 14:23:01',5,208,'Story'),(271,1,'marked S207 as STATUS3','2007-04-26 14:23:02',5,207,'Story'),(272,1,'marked S206 as STATUS3','2007-04-26 14:23:02',5,206,'Story'),(273,1,'marked S147 as STATUS3','2007-04-26 15:16:13',5,147,'Story'),(274,1,'marked S148 as STATUS3','2007-04-26 15:16:14',5,148,'Story'),(275,1,'marked S148 as STATUS2','2007-04-26 15:16:17',5,148,'Story'),(276,1,'marked S147 as STATUS2','2007-04-26 15:16:18',5,147,'Story'),(277,1,'marked S153 as STATUS2','2007-04-26 15:16:19',5,153,'Story'),(278,1,'created S211','2007-04-26 15:52:20',5,211,'Story'),(279,1,'marked S211 as STATUS3','2007-04-26 16:12:07',5,211,'Story'),(280,1,'marked S153 as STATUS3','2007-04-26 16:13:35',5,153,'Story'),(281,1,'marked S148 as STATUS3','2007-04-26 16:13:36',5,148,'Story'),(282,1,'marked S147 as STATUS3','2007-04-26 16:13:37',5,147,'Story'),(283,1,'marked S139 as STATUS1','2007-04-27 02:27:19',5,139,'Story'),(284,1,'marked S198 as STATUS5','2007-04-27 02:27:29',5,198,'Story'),(285,1,'marked S139 as STATUS3','2007-04-27 02:27:42',5,139,'Story'),(286,1,'marked S198 as STATUS3','2007-04-27 02:27:43',5,198,'Story'),(287,8,'created S212','2007-04-28 21:33:55',8,212,'Story'),(288,8,'updated S212','2007-04-28 21:35:18',8,212,'Story'),(289,8,'created S213','2007-04-28 21:35:35',8,213,'Story'),(290,8,'created S214','2007-04-28 21:36:00',8,214,'Story'),(291,8,'created S215','2007-04-28 21:36:17',8,215,'Story'),(292,8,'created S216','2007-04-28 21:36:42',8,216,'Story'),(293,8,'created S217','2007-04-28 21:37:08',8,217,'Story'),(294,8,'created S218','2007-04-28 21:37:20',8,218,'Story'),(295,8,'created S219','2007-04-28 21:38:39',7,219,'Story'),(296,8,'created S220','2007-04-28 21:39:05',7,220,'Story'),(297,8,'created S221','2007-04-28 21:39:23',7,221,'Story'),(298,8,'created S222','2007-04-28 22:05:19',8,222,'Story'),(299,8,'created S223','2007-04-28 22:07:59',8,223,'Story'),(300,8,'created S224','2007-04-28 22:08:32',8,224,'Story'),(301,8,'created S225','2007-04-28 22:09:09',8,225,'Story'),(302,8,'created S226','2007-04-28 22:10:27',8,226,'Story'),(303,1,'updated S154','2007-04-30 14:12:25',5,154,'Story'),(304,1,'updated S164','2007-04-30 14:12:48',5,164,'Story'),(305,1,'marked S164 as STATUS3','2007-04-30 14:13:20',5,164,'Story'),(306,1,'marked S154 as STATUS3','2007-04-30 14:13:20',5,154,'Story'),(307,1,'marked S137 as STATUS3','2007-04-30 14:13:21',5,137,'Story'),(308,1,'marked S124 as STATUS3','2007-04-30 14:13:22',5,124,'Story'),(309,1,'updated S126','2007-04-30 14:13:54',5,126,'Story'),(310,1,'updated S168','2007-04-30 14:14:04',5,168,'Story'),(311,1,'updated S157','2007-04-30 14:14:21',5,157,'Story'),(312,1,'created S227','2007-04-30 14:14:46',5,227,'Story'),(313,1,'created S228','2007-04-30 14:15:42',5,228,'Story'),(314,1,'created S229','2007-04-30 14:15:55',5,229,'Story'),(315,1,'updated S163','2007-04-30 14:16:15',5,163,'Story'),(316,1,'marked S126 as STATUS3','2007-04-30 14:16:34',5,126,'Story'),(317,1,'marked S168 as STATUS3','2007-04-30 14:16:35',5,168,'Story'),(318,1,'marked S157 as STATUS3','2007-04-30 14:16:36',5,157,'Story'),(319,1,'marked S227 as STATUS3','2007-04-30 14:16:37',5,227,'Story'),(320,1,'marked S128 as STATUS3','2007-04-30 14:16:39',5,128,'Story'),(321,1,'marked S229 as STATUS3','2007-04-30 14:16:39',5,229,'Story'),(322,1,'marked S228 as STATUS3','2007-04-30 14:16:40',5,228,'Story'),(323,1,'marked S163 as STATUS3','2007-04-30 14:16:41',5,163,'Story'),(324,1,'updated points for S229','2007-04-30 14:23:37',5,229,'Story'),(325,1,'updated points for S163','2007-04-30 14:23:40',5,163,'Story'),(326,1,'moved S169 to I17','2007-05-01 13:53:04',5,169,'Story'),(327,1,'destroyed S138','2007-05-01 13:54:42',5,138,'Story'),(328,1,'updated S167','2007-05-01 13:55:03',5,167,'Story'),(329,1,'marked S169 as STATUS3','2007-05-01 14:14:34',5,169,'Story'),(330,1,'marked S170 as STATUS3','2007-05-01 14:14:35',5,170,'Story'),(331,1,'marked S152 as STATUS3','2007-05-01 14:14:37',5,152,'Story'),(332,1,'marked S167 as STATUS3','2007-05-01 14:14:42',5,167,'Story'),(333,1,'marked S156 as STATUS3','2007-05-01 14:49:54',5,156,'Story'),(334,1,'marked S141 as STATUS3','2007-05-01 14:49:56',5,141,'Story'),(335,1,'marked S141 as STATUS2','2007-05-01 14:50:02',5,141,'Story'),(336,1,'marked S141 as STATUS1','2007-05-01 14:50:03',5,141,'Story'),(337,1,'marked S155 as STATUS1','2007-05-01 14:50:04',5,155,'Story'),(338,1,'marked S144 as STATUS3','2007-05-01 14:50:06',5,144,'Story'),(339,1,'marked S141 as STATUS3','2007-05-02 12:40:18',5,141,'Story'),(340,1,'marked S155 as STATUS3','2007-05-02 12:40:19',5,155,'Story'),(341,1,'marked S145 as STATUS3','2007-05-02 12:40:29',5,145,'Story'),(342,1,'marked S165 as STATUS3','2007-05-03 13:02:48',5,165,'Story'),(343,1,'marked S166 as STATUS3','2007-05-03 13:02:49',5,166,'Story'),(344,1,'assigned S170 to USER1','2007-05-03 14:13:42',5,170,'Story'),(345,1,'released S170 from USER1','2007-05-03 14:13:45',5,170,'Story'),(346,1,'updated S125','2007-05-03 14:16:08',5,125,'Story'),(347,1,'marked S130 as STATUS4','2007-05-03 15:55:19',5,130,'Story'),(348,1,'updated S125','2007-05-03 16:09:11',5,125,'Story'),(349,1,'marked S125 as STATUS3','2007-05-03 16:55:19',5,125,'Story'),(350,8,'marked S127 as STATUS3','2007-05-07 16:09:29',5,127,'Story'),(351,8,'marked S129 as STATUS3','2007-05-07 16:09:31',5,129,'Story'),(352,8,'marked S135 as STATUS3','2007-05-07 16:09:32',5,135,'Story'),(353,8,'marked S133 as STATUS3','2007-05-07 16:09:35',5,133,'Story'),(354,8,'marked S212 as STATUS3','2007-05-07 16:11:55',8,212,'Story'),(355,8,'marked S213 as STATUS3','2007-05-07 16:11:56',8,213,'Story'),(356,8,'marked S214 as STATUS3','2007-05-07 16:11:57',8,214,'Story'),(357,8,'marked S215 as STATUS3','2007-05-07 16:12:00',8,215,'Story'),(358,8,'marked S216 as STATUS3','2007-05-07 16:12:02',8,216,'Story'),(359,8,'marked S217 as STATUS3','2007-05-07 16:12:04',8,217,'Story'),(360,8,'marked S218 as STATUS3','2007-05-07 16:12:06',8,218,'Story'),(361,8,'marked S222 as STATUS3','2007-05-07 16:12:08',8,222,'Story'),(362,8,'marked S226 as STATUS3','2007-05-07 16:13:27',8,226,'Story'),(363,8,'moved S212 to I18','2007-05-07 16:14:28',8,212,'Story'),(364,8,'marked S223 as STATUS3','2007-05-07 16:17:21',8,223,'Story'),(365,8,'marked S225 as STATUS3','2007-05-07 16:17:24',8,225,'Story'),(366,8,'marked S224 as STATUS3','2007-05-07 16:18:56',8,224,'Story'),(367,1,'created S230','2007-05-11 09:53:00',5,230,'Story'),(368,1,'created S231','2007-05-11 09:53:18',5,231,'Story'),(369,1,'created S232','2007-05-11 09:57:29',5,232,'Story'),(370,1,'created S233','2007-05-11 09:57:41',5,233,'Story'),(371,1,'created S234','2007-05-23 14:52:34',5,234,'Story'),(372,1,'updated S234','2007-05-23 14:53:42',5,234,'Story'),(373,1,'created S235','2007-05-23 14:59:28',5,235,'Story'),(374,1,'moved S230 to I20','2007-05-25 13:28:55',5,230,'Story'),(375,1,'marked S231 as STATUS3','2007-05-25 13:29:24',5,231,'Story'),(376,1,'marked S230 as STATUS3','2007-05-25 13:29:24',5,230,'Story'),(377,1,'assigned S230 to USER1','2007-05-25 13:29:25',5,230,'Story'),(378,1,'assigned S231 to USER1','2007-05-25 13:29:25',5,231,'Story'),(379,1,'released S230 from USER1','2007-05-25 13:29:32',5,230,'Story'),(380,1,'released S231 from USER1','2007-05-25 13:29:32',5,231,'Story'),(381,1,'created S236','2007-05-25 13:30:12',5,236,'Story'),(382,1,'updated points for S230','2007-05-25 13:30:37',5,230,'Story'),(383,1,'updated points for S231','2007-05-25 13:30:38',5,231,'Story'),(384,1,'updated S236','2007-05-25 14:15:32',5,236,'Story'),(385,1,'marked S234 as STATUS3','2007-05-25 23:58:28',5,234,'Story'),(386,1,'updated S232','2007-05-26 01:22:16',5,232,'Story'),(387,1,'updated S233','2007-05-26 01:22:23',5,233,'Story'),(388,1,'destroyed S159','2007-05-26 01:22:27',5,159,'Story'),(389,1,'destroyed S146','2007-05-26 01:22:35',5,146,'Story'),(390,1,'created S237','2007-05-26 01:22:59',5,237,'Story'),(391,1,'created S238','2007-05-26 01:23:06',5,238,'Story'),(392,1,'marked S232 as STATUS3','2007-05-28 10:45:19',5,232,'Story'),(393,1,'marked S233 as STATUS3','2007-05-28 10:45:22',5,233,'Story'),(394,1,'marked S237 as STATUS3','2007-05-28 10:45:23',5,237,'Story'),(395,1,'marked S238 as STATUS3','2007-05-28 10:45:24',5,238,'Story'),(396,1,'marked S235 as STATUS3','2007-05-28 11:15:19',5,235,'Story'),(397,1,'updated points for S234','2007-05-28 11:17:33',5,234,'Story'),(398,1,'updated points for S232','2007-05-28 11:17:37',5,232,'Story'),(399,1,'updated points for S233','2007-05-28 11:17:39',5,233,'Story'),(400,1,'updated points for S237','2007-05-28 11:17:41',5,237,'Story'),(401,1,'updated points for S238','2007-05-28 11:17:42',5,238,'Story'),(402,1,'updated points for S235','2007-05-28 11:17:46',5,235,'Story'),(403,1,'updated points for S236','2007-05-28 11:17:51',5,236,'Story'),(404,1,'updated S236','2007-05-28 11:49:14',5,236,'Story'),(405,1,'marked S236 as STATUS3','2007-05-28 11:49:18',5,236,'Story'),(406,1,'created S239','2007-06-01 10:49:26',5,239,'Story'),(407,1,'created S240','2007-06-01 10:50:26',5,240,'Story'),(408,1,'created S241','2007-06-01 10:52:32',5,241,'Story'),(409,1,'created S242','2007-06-01 12:33:07',5,242,'Story'),(410,1,'updated S242','2007-06-01 12:33:59',5,242,'Story'),(411,1,'updated points for S239','2007-06-01 12:54:28',5,239,'Story'),(412,1,'updated points for S240','2007-06-01 12:54:30',5,240,'Story'),(413,1,'updated points for S241','2007-06-01 12:54:33',5,241,'Story'),(414,1,'created S243','2007-06-01 12:55:18',5,243,'Story'),(415,1,'updated points for S243','2007-06-01 12:55:26',5,243,'Story'),(416,1,'updated points for S242','2007-06-01 13:10:35',5,242,'Story'),(417,1,'marked S243 as STATUS3','2007-06-01 13:11:09',5,243,'Story'),(418,1,'marked S241 as STATUS3','2007-06-01 13:11:11',5,241,'Story'),(419,1,'marked S240 as STATUS3','2007-06-01 13:11:11',5,240,'Story'),(420,1,'marked S239 as STATUS3','2007-06-01 13:11:13',5,239,'Story'),(421,1,'created S244','2007-06-01 13:11:57',5,244,'Story'),(422,1,'updated S244','2007-06-04 09:55:21',5,244,'Story'),(423,1,'updated S244','2007-06-04 09:56:05',5,244,'Story'),(424,1,'marked S242 as STATUS3','2007-06-04 10:37:57',5,242,'Story'),(425,1,'marked S244 as STATUS3','2007-06-04 11:49:40',5,244,'Story'),(426,8,'created S245','2007-06-04 14:46:47',9,245,'Story'),(427,8,'created S246','2007-06-04 14:46:56',9,246,'Story'),(428,8,'created S247','2007-06-04 14:47:27',9,247,'Story'),(429,8,'created S248','2007-06-04 14:48:20',9,248,'Story'),(430,8,'created S249','2007-06-04 14:49:00',9,249,'Story'),(431,8,'created S250','2007-06-04 14:49:48',9,250,'Story'),(432,8,'created S251','2007-06-04 14:52:17',9,251,'Story'),(433,8,'created S252','2007-06-04 14:52:45',9,252,'Story'),(434,8,'created S253','2007-06-04 14:53:16',9,253,'Story'),(435,8,'created S254','2007-06-04 14:54:41',9,254,'Story'),(436,8,'updated points for S245','2007-06-04 14:55:04',9,245,'Story'),(437,8,'updated points for S246','2007-06-04 14:55:10',9,246,'Story'),(438,8,'updated points for S247','2007-06-04 14:56:35',9,247,'Story'),(439,8,'updated S247','2007-06-04 14:56:35',9,247,'Story'),(440,8,'updated points for S248','2007-06-04 14:56:50',9,248,'Story'),(441,8,'created S255','2007-06-04 14:57:12',9,255,'Story'),(442,8,'updated points for S255','2007-06-04 14:57:23',9,255,'Story'),(443,8,'updated points for S249','2007-06-04 15:04:55',9,249,'Story'),(444,8,'updated points for S250','2007-06-04 15:05:37',9,250,'Story'),(445,8,'updated points for S251','2007-06-04 15:06:30',9,251,'Story'),(446,8,'updated points for S252','2007-06-04 15:06:51',9,252,'Story'),(447,8,'updated points for S253','2007-06-04 15:07:05',9,253,'Story'),(448,8,'updated points for S254','2007-06-04 15:07:30',9,254,'Story'),(449,8,'updated points for S252','2007-06-04 15:08:25',9,252,'Story'),(450,8,'updated points for S253','2007-06-04 15:08:26',9,253,'Story'),(451,8,'created S256','2007-06-04 15:45:48',1,256,'Story'),(452,1,'marked S5 as STATUS5','2007-06-08 13:00:23',1,5,'Story'),(453,1,'marked S5 as STATUS3','2007-06-08 13:00:24',1,5,'Story'),(454,1,'marked S254 as STATUS4','2007-06-08 15:38:39',9,254,'Story'),(455,1,'moved S254 to I22','2007-06-08 15:38:39',9,254,'Story'),(456,1,'added a comment to S254','2007-06-08 15:39:25',9,254,'Story'),(457,1,'marked S245 as STATUS3','2007-06-08 15:51:45',9,245,'Story'),(458,1,'marked S246 as STATUS3','2007-06-08 15:51:46',9,246,'Story'),(459,8,'created S257','2007-06-28 10:01:22',10,257,'Story'),(460,8,'created S258','2007-06-28 10:02:14',10,258,'Story'),(461,8,'created S259','2007-06-28 10:03:19',10,259,'Story'),(462,8,'created S260','2007-06-28 10:13:44',10,260,'Story'),(463,8,'updated S260','2007-06-28 10:15:53',10,260,'Story'),(464,8,'created S261','2007-06-28 10:17:56',10,261,'Story'),(465,8,'created S262','2007-06-28 10:19:38',10,262,'Story'),(466,8,'created S263','2007-06-28 10:24:32',10,263,'Story'),(467,8,'created S264','2007-06-28 10:26:34',10,264,'Story'),(468,8,'created S265','2007-06-28 10:32:04',10,265,'Story'),(469,8,'created S266','2007-06-28 10:32:54',10,266,'Story'),(470,8,'created S267','2007-06-28 10:35:52',10,267,'Story'),(471,8,'created S268','2007-06-28 10:39:41',10,268,'Story'),(472,8,'updated S260','2007-06-28 10:40:39',10,260,'Story'),(473,8,'created S269','2007-06-28 10:43:20',10,269,'Story'),(474,8,'created S270','2007-06-28 10:45:21',10,270,'Story'),(475,8,'created S271','2007-06-28 10:46:19',10,271,'Story'),(476,8,'created S272','2007-06-28 10:47:38',10,272,'Story'),(477,8,'created S273','2007-06-28 10:48:36',10,273,'Story'),(478,8,'created S274','2007-06-28 10:49:55',10,274,'Story'),(479,8,'created S275','2007-06-28 10:50:38',10,275,'Story'),(480,8,'created S276','2007-06-28 10:52:32',10,276,'Story'),(481,8,'created S277','2007-06-28 10:57:47',10,277,'Story'),(482,8,'created S278','2007-06-28 10:59:11',10,278,'Story'),(483,8,'created S279','2007-06-28 11:01:11',10,279,'Story'),(484,8,'created S280','2007-06-28 11:01:36',10,280,'Story'),(485,8,'created S281','2007-06-28 11:02:02',10,281,'Story'),(486,8,'created S282','2007-06-28 11:03:06',10,282,'Story'),(487,8,'created S283','2007-06-28 11:03:44',10,283,'Story'),(488,8,'created S284','2007-06-28 11:09:02',10,284,'Story'),(489,8,'created S285','2007-06-28 11:14:14',10,285,'Story'),(490,8,'created S286','2007-06-28 11:18:59',10,286,'Story'),(491,8,'created S287','2007-06-28 11:28:29',10,287,'Story'),(492,8,'created S288','2007-06-28 11:29:59',10,288,'Story'),(493,8,'updated S286','2007-06-28 11:32:33',10,286,'Story'),(494,8,'created S289','2007-06-28 11:33:28',10,289,'Story'),(495,8,'updated S289','2007-06-28 11:34:07',10,289,'Story'),(496,8,'updated S278','2007-06-28 11:35:21',10,278,'Story'),(497,8,'created S290','2007-06-28 11:54:30',10,290,'Story'),(498,8,'created S291','2007-06-28 14:53:32',11,291,'Story'),(499,8,'created S292','2007-06-28 14:53:58',11,292,'Story'),(500,8,'updated S292','2007-06-28 14:54:11',11,292,'Story'),(501,8,'created S293','2007-06-28 14:56:32',11,293,'Story'),(502,8,'created S294','2007-06-28 14:57:13',11,294,'Story'),(503,8,'created S295','2007-06-28 15:03:07',11,295,'Story'),(504,8,'created S296','2007-06-28 15:04:51',11,296,'Story'),(505,8,'created S297','2007-06-28 15:07:02',11,297,'Story'),(506,8,'created S298','2007-06-28 15:08:34',11,298,'Story'),(507,8,'created S299','2007-06-28 15:09:27',11,299,'Story'),(508,8,'created S300','2007-06-28 15:10:36',11,300,'Story'),(509,8,'created S301','2007-06-28 15:12:51',11,301,'Story'),(510,8,'created S302','2007-06-28 15:13:24',11,302,'Story'),(511,8,'created S303','2007-06-28 15:14:21',11,303,'Story'),(512,8,'created S304','2007-06-28 15:16:44',11,304,'Story'),(513,8,'created S305','2007-06-28 15:17:32',11,305,'Story'),(514,8,'assigned S304 to USER8','2007-06-28 15:22:21',11,304,'Story'),(515,8,'released S304 from USER8','2007-06-28 15:22:29',11,304,'Story'),(516,8,'created S306','2007-06-28 15:23:37',11,306,'Story'),(517,8,'created S307','2007-06-28 15:23:56',11,307,'Story'),(518,8,'updated S307','2007-06-28 15:25:56',11,307,'Story'),(519,8,'created S308','2007-06-28 15:27:12',11,308,'Story'),(520,8,'created S309','2007-06-28 15:28:16',11,309,'Story'),(521,8,'created S310','2007-06-28 15:33:43',11,310,'Story'),(522,8,'created S311','2007-06-28 15:34:47',11,311,'Story'),(523,8,'created S312','2007-06-28 15:36:00',11,312,'Story'),(524,8,'created S313','2007-06-28 15:37:53',11,313,'Story'),(525,8,'created S314','2007-06-28 15:38:34',11,314,'Story'),(526,8,'created S315','2007-06-28 15:42:22',11,315,'Story'),(527,8,'created S316','2007-06-28 15:46:00',11,316,'Story'),(528,8,'created S317','2007-06-28 15:47:18',11,317,'Story'),(529,8,'created S318','2007-06-28 15:53:44',11,318,'Story'),(530,8,'created S319','2007-06-28 15:55:36',11,319,'Story'),(531,8,'created S320','2007-06-28 15:56:43',11,320,'Story'),(532,8,'created S321','2007-06-28 16:01:34',11,321,'Story'),(533,8,'created S322','2007-06-28 16:05:13',11,322,'Story'),(534,1,'created S323','2007-07-03 14:03:01',9,323,'Story'),(535,1,'created S324','2007-07-03 14:04:23',9,324,'Story'),(536,1,'assigned S247 to USER1','2007-07-03 14:04:35',9,247,'Story'),(537,1,'released S247 from USER1','2007-07-03 14:04:36',9,247,'Story'),(538,1,'moved S247 to I23','2007-07-03 14:04:41',9,247,'Story'),(539,1,'marked S248 as STATUS3','2007-07-03 14:04:55',9,248,'Story'),(540,1,'marked S247 as STATUS3','2007-07-03 14:04:56',9,247,'Story'),(541,1,'marked S255 as STATUS3','2007-07-03 14:13:03',9,255,'Story'),(542,1,'marked S323 as STATUS3','2007-07-03 15:30:31',9,323,'Story'),(543,1,'updated S251','2007-07-03 15:48:08',9,251,'Story'),(544,1,'created S325','2007-07-03 15:49:07',9,325,'Story'),(545,1,'created S326','2007-07-03 15:49:54',9,326,'Story'),(546,1,'created S327','2007-07-03 15:51:11',9,327,'Story'),(547,1,'created S328','2007-07-03 15:55:59',9,328,'Story'),(548,1,'created S329','2007-07-03 15:57:32',9,329,'Story'),(549,1,'created S330','2007-07-03 15:58:18',9,330,'Story'),(550,1,'created S331','2007-07-03 15:59:11',9,331,'Story'),(551,1,'created S332','2007-07-03 16:00:04',9,332,'Story'),(552,1,'updated S332','2007-07-03 16:00:29',9,332,'Story'),(553,1,'created S333','2007-07-03 16:01:35',9,333,'Story'),(554,1,'updated S332','2007-07-03 16:03:00',9,332,'Story'),(555,1,'created S334','2007-07-03 16:03:13',9,334,'Story'),(556,1,'created S335','2007-07-03 16:03:35',9,335,'Story'),(557,1,'updated S332','2007-07-03 16:04:35',9,332,'Story'),(558,1,'updated S327','2007-07-03 16:05:17',9,327,'Story'),(559,1,'updated S327','2007-07-03 16:05:31',9,327,'Story'),(560,1,'updated S332','2007-07-03 16:06:18',9,332,'Story'),(561,1,'created S336','2007-07-03 16:07:25',9,336,'Story'),(562,1,'created S337','2007-07-03 16:08:44',9,337,'Story'),(563,1,'created S338','2007-07-03 16:10:08',9,338,'Story'),(564,1,'updated S250','2007-07-03 16:10:41',9,250,'Story'),(565,1,'created S339','2007-07-03 16:14:51',9,339,'Story'),(566,1,'created S340','2007-07-03 16:15:22',9,340,'Story'),(567,1,'updated S337','2007-07-03 16:16:13',9,337,'Story'),(568,1,'updated S338','2007-07-03 16:17:59',9,338,'Story'),(569,1,'marked S339 as STATUS3','2007-07-03 16:45:43',9,339,'Story'),(570,1,'added a comment to S324','2007-07-03 16:58:55',9,324,'Story'),(571,1,'added a comment to S329','2007-07-03 17:00:38',9,329,'Story'),(572,1,'added a comment to S329','2007-07-04 11:20:52',9,329,'Story'),(573,1,'added a comment to S329','2007-07-04 11:21:10',9,329,'Story'),(574,1,'updated points for S339','2007-07-04 11:23:38',9,339,'Story'),(575,1,'updated points for S329','2007-07-04 11:23:42',9,329,'Story'),(576,1,'updated S329','2007-07-04 11:24:08',9,329,'Story'),(577,1,'created S341','2007-07-04 11:24:24',9,341,'Story'),(578,1,'marked S329 as STATUS3','2007-07-04 11:24:29',9,329,'Story'),(579,1,'marked S330 as STATUS3','2007-07-04 11:29:22',9,330,'Story'),(580,1,'updated points for S330','2007-07-04 11:33:03',9,330,'Story'),(581,1,'updated points for S332','2007-07-04 12:29:46',9,332,'Story'),(582,1,'marked S332 as STATUS3','2007-07-04 12:31:42',9,332,'Story'),(583,1,'created S342','2007-07-04 12:33:07',9,342,'Story'),(584,1,'updated S335','2007-07-04 12:33:17',9,335,'Story'),(585,1,'updated points for S335','2007-07-04 12:33:19',9,335,'Story'),(586,1,'marked S335 as STATUS3','2007-07-04 12:33:21',9,335,'Story'),(587,1,'marked S324 as STATUS3','2007-07-04 13:13:00',9,324,'Story'),(588,1,'added a comment to S342','2007-07-04 13:30:33',9,342,'Story'),(589,1,'added a comment to S341','2007-07-04 13:30:42',9,341,'Story'),(590,1,'updated points for S342','2007-07-04 13:30:49',9,342,'Story'),(591,1,'updated points for S342','2007-07-04 13:30:51',9,342,'Story'),(592,1,'updated points for S341','2007-07-04 13:30:52',9,341,'Story'),(593,1,'destroyed S325','2007-07-04 13:31:00',9,325,'Story'),(594,1,'destroyed S331','2007-07-04 13:48:03',9,331,'Story'),(595,1,'updated points for S338','2007-07-04 14:46:52',9,338,'Story'),(596,1,'updated points for S326','2007-07-04 14:48:21',9,326,'Story'),(597,1,'updated points for S333','2007-07-04 14:48:24',9,333,'Story'),(598,1,'updated points for S334','2007-07-04 14:48:26',9,334,'Story'),(599,1,'updated points for S328','2007-07-04 14:48:29',9,328,'Story'),(600,1,'updated points for S327','2007-07-04 14:48:31',9,327,'Story'),(601,1,'updated points for S340','2007-07-04 14:48:35',9,340,'Story'),(602,1,'updated points for S336','2007-07-04 14:48:38',9,336,'Story'),(603,1,'updated points for S337','2007-07-04 14:48:39',9,337,'Story'),(604,1,'added a comment to S338','2007-07-04 15:14:25',9,338,'Story'),(605,1,'added a comment to S250','2007-07-04 15:15:11',9,250,'Story'),(606,1,'marked S342 as STATUS3','2007-07-04 15:15:35',9,342,'Story'),(607,1,'marked S341 as STATUS3','2007-07-04 15:17:18',9,341,'Story'),(608,1,'updated points for S340','2007-07-04 16:01:59',9,340,'Story'),(609,1,'marked S250 as STATUS3','2007-07-05 15:12:03',9,250,'Story'),(610,1,'marked S250 as STATUS1','2007-07-05 15:12:08',9,250,'Story'),(611,1,'updated S333','2007-07-05 16:01:21',9,333,'Story'),(612,1,'marked S327 as STATUS3','2007-07-05 16:39:24',9,327,'Story'),(613,1,'marked S333 as STATUS3','2007-07-05 16:39:26',9,333,'Story'),(614,1,'marked S250 as STATUS3','2007-07-05 16:40:52',9,250,'Story'),(615,1,'marked S338 as STATUS3','2007-07-05 16:41:03',9,338,'Story'),(616,1,'marked S326 as STATUS3','2007-07-05 16:49:18',9,326,'Story'),(617,1,'marked S328 as STATUS3','2007-07-05 16:55:05',9,328,'Story'),(618,2,'created S343','2007-07-06 17:37:58',1,343,'Story'),(619,2,'created S344','2007-07-06 17:38:25',1,344,'Story'),(620,2,'created S345','2007-07-06 17:40:08',1,345,'Story'),(621,2,'created S346','2007-07-06 17:40:27',1,346,'Story'),(622,2,'updated S346','2007-07-06 17:40:47',1,346,'Story'),(623,2,'created S347','2007-07-06 17:40:55',1,347,'Story'),(624,2,'created S348','2007-07-06 17:41:02',1,348,'Story'),(625,2,'created S349','2007-07-06 17:41:21',1,349,'Story'),(626,2,'created S350','2007-07-06 17:41:43',1,350,'Story'),(627,2,'created S351','2007-07-06 17:41:54',1,351,'Story'),(628,2,'created S352','2007-07-06 17:42:02',1,352,'Story'),(629,2,'created S353','2007-07-06 17:42:10',1,353,'Story'),(630,2,'moved S353 to I25','2007-07-06 17:43:10',1,353,'Story'),(631,2,'created S354','2007-07-06 17:44:50',1,354,'Story'),(632,2,'marked S354 as STATUS3','2007-07-06 17:44:55',1,354,'Story');
/*!40000 ALTER TABLE `activities` ENABLE KEYS */;
UNLOCK TABLES;

--
-- Table structure for table `comments`
--

DROP TABLE IF EXISTS `comments`;
CREATE TABLE `comments` (
  `id` int(11) NOT NULL auto_increment,
  `content` text,
  `created_at` datetime default NULL,
  `commenter_id` int(11) default NULL,
  `commentable_id` int(11) default NULL,
  `commentable_type` varchar(255) default NULL,
  PRIMARY KEY  (`id`)
) ENGINE=InnoDB DEFAULT CHARSET=latin1;

--
-- Dumping data for table `comments`
--

LOCK TABLES `comments` WRITE;
/*!40000 ALTER TABLE `comments` DISABLE KEYS */;
INSERT INTO `comments` VALUES (1,'This is the best agile project management tool I know. ','2007-04-12 22:47:14',2,24,'Story'),(2,'Committed with revision 316.','2007-04-12 23:02:36',2,24,'Story'),(3,'This was fixed by fixing S107.','2007-04-13 01:13:07',1,109,'Story'),(4,'I have committed a basic implementation. Please review and comment!','2007-04-13 19:00:11',1,171,'Story'),(5,'This will be handled by Green River\'s CMS.','2007-06-08 15:39:25',1,254,'Story'),(6,'Added framework for this. Need to implement interface similar to auto-complete tagging.\n','2007-07-03 16:58:55',1,324,'Story'),(7,'h3. Attributes for all users\n\n* email address\n* password\n* city\n* country\n* geographic location (lat/lng from city, country)\n* interests\n* image\n','2007-07-03 17:00:38',1,329,'Story'),(8,'Also: first_name, last_name, gender','2007-07-04 11:20:52',1,329,'Story'),(9,'We are not doing type specific attributes for now','2007-07-04 11:21:10',1,329,'Story'),(10,'Displaying all membership requests.','2007-07-04 13:30:33',1,342,'Story'),(11,'Displaying all membership requests.','2007-07-04 13:30:42',1,341,'Story'),(12,'Accept Deny is in place. Need to add privileges and rechecking of existing requests','2007-07-04 15:14:25',1,338,'Story'),(13,'Requests are in place. Need to add restrictions based on team roster','2007-07-04 15:15:11',1,250,'Story');
/*!40000 ALTER TABLE `comments` ENABLE KEYS */;
UNLOCK TABLES;

--
-- Table structure for table `companies`
--

DROP TABLE IF EXISTS `companies`;
CREATE TABLE `companies` (
  `id` int(11) NOT NULL auto_increment,
  `name` varchar(255) default NULL,
  PRIMARY KEY  (`id`)
) ENGINE=InnoDB DEFAULT CHARSET=latin1;

--
-- Dumping data for table `companies`
--

LOCK TABLES `companies` WRITE;
/*!40000 ALTER TABLE `companies` DISABLE KEYS */;
INSERT INTO `companies` VALUES (1,'MHS'),(2,'Fusionary'),(3,'Atomic Object'),(4,'Red Prairie');
/*!40000 ALTER TABLE `companies` ENABLE KEYS */;
UNLOCK TABLES;

--
-- Table structure for table `groups`
--

DROP TABLE IF EXISTS `groups`;
CREATE TABLE `groups` (
  `id` int(11) NOT NULL auto_increment,
  `name` varchar(255) default NULL,
  PRIMARY KEY  (`id`)
) ENGINE=InnoDB DEFAULT CHARSET=latin1;

--
-- Dumping data for table `groups`
--

LOCK TABLES `groups` WRITE;
/*!40000 ALTER TABLE `groups` DISABLE KEYS */;
INSERT INTO `groups` VALUES (6,'Developer'),(7,'Customer'),(8,'Customer Admin'),(9,'Admin');
/*!40000 ALTER TABLE `groups` ENABLE KEYS */;
UNLOCK TABLES;

--
-- Table structure for table `groups_privileges`
--

DROP TABLE IF EXISTS `groups_privileges`;
CREATE TABLE `groups_privileges` (
  `id` int(11) NOT NULL auto_increment,
  `group_id` int(11) default NULL,
  `privilege_id` int(11) default NULL,
  PRIMARY KEY  (`id`)
) ENGINE=InnoDB DEFAULT CHARSET=latin1;

--
-- Dumping data for table `groups_privileges`
--

LOCK TABLES `groups_privileges` WRITE;
/*!40000 ALTER TABLE `groups_privileges` DISABLE KEYS */;
INSERT INTO `groups_privileges` VALUES (1,1,1),(2,4,10),(3,4,8),(4,5,10),(5,5,9),(10,6,18),(11,7,18),(12,8,18),(13,8,17),(14,9,18),(15,9,14),(16,9,15),(17,9,16);
/*!40000 ALTER TABLE `groups_privileges` ENABLE KEYS */;
UNLOCK TABLES;

--
-- Table structure for table `iterations`
--

DROP TABLE IF EXISTS `iterations`;
CREATE TABLE `iterations` (
  `id` int(11) NOT NULL auto_increment,
  `start_date` date default NULL,
  `end_date` date default NULL,
  `project_id` int(11) default NULL,
  `name` varchar(255) default NULL,
  `budget` int(11) default '0',
  PRIMARY KEY  (`id`)
) ENGINE=InnoDB DEFAULT CHARSET=latin1;

--
-- Dumping data for table `iterations`
--

LOCK TABLES `iterations` WRITE;
/*!40000 ALTER TABLE `iterations` DISABLE KEYS */;
INSERT INTO `iterations` VALUES (1,'2007-02-05','2007-02-11',1,'Iteration 1',0),(2,'2007-02-12','2007-02-18',1,'Iteration 2',0),(3,'2007-02-19','2007-02-25',1,'Iteration 3',0),(5,'2007-03-05','2007-03-11',1,'Iteration 4',0),(6,'2007-03-12','2007-03-18',1,'Iteration 5',0),(7,'2007-03-19','2007-03-25',1,'Iteration 6',0),(8,'2007-03-26','2007-04-01',1,'Iteration 7',0),(9,'2007-04-02','2007-04-08',1,'Iteration 8',0),(10,'2007-04-09','2007-04-15',1,'Iteration 9',0),(11,'2007-04-13','2007-04-20',4,'Iteration 1',0),(13,'2007-04-17','2007-04-23',5,'Iteration 1',10),(14,'2007-04-24','2007-04-30',5,'Iteration 2',10),(15,'2007-04-16','2007-04-20',6,'Iteration 1',0),(16,'2007-04-23','2007-04-27',6,'Iteration 2',0),(17,'2007-05-01','2007-05-07',5,'Iteration 3',20),(18,'2007-05-07','2007-05-14',8,'Iteration 1',0),(19,'2007-05-08','2007-05-14',5,'Iteration 4',0),(20,'2007-05-22','2007-05-28',5,'Iteration 5',0),(21,'2007-05-29','2007-06-04',5,'Iteration 6',0),(22,'2007-06-04','2007-06-10',9,'Iteration 1',0),(23,'2007-07-02','2007-07-06',9,'Iteration 2',0),(24,'2007-07-02','2007-07-06',1,'Iteration 10',0),(25,'2007-07-07','2007-07-13',1,'Iteration 11',0);
/*!40000 ALTER TABLE `iterations` ENABLE KEYS */;
UNLOCK TABLES;

--
-- Table structure for table `logged_exceptions`
--

DROP TABLE IF EXISTS `logged_exceptions`;
CREATE TABLE `logged_exceptions` (
  `id` int(11) NOT NULL auto_increment,
  `exception_class` varchar(255) default NULL,
  `controller_name` varchar(255) default NULL,
  `action_name` varchar(255) default NULL,
  `message` text,
  `backtrace` text,
  `environment` text,
  `request` text,
  `created_at` datetime default NULL,
  PRIMARY KEY  (`id`)
) ENGINE=InnoDB DEFAULT CHARSET=latin1;

--
-- Dumping data for table `logged_exceptions`
--

LOCK TABLES `logged_exceptions` WRITE;
/*!40000 ALTER TABLE `logged_exceptions` DISABLE KEYS */;
INSERT INTO `logged_exceptions` VALUES (4,'ActionView::TemplateError','projects','show','\"NaN\"','On line #81 of app/views/layouts/application.erb\n\n    78: 			</tr>\r\n    79: 			<tr>\r\n    80: 				<th>Estimated Remaining Iterations:</th>\r\n    81: 				<td><%= @project.estimated_remaining_iterations.ceil %></td>\r\n    82: 			</tr>\r\n    83: 			<tr>\r\n    84: 				<th>Estimated Completion Date:</th>\r\n\n    #{RAILS_ROOT}/app/views/layouts/application.erb:81:in `ceil\'\n    #{RAILS_ROOT}/app/views/layouts/application.erb:81:in `_run_erb_47app47views47layouts47application46erb\'\n    #{RAILS_ROOT}/vendor/rails/actionpack/lib/action_view/base.rb:339:in `compile_and_render_template\'\n    #{RAILS_ROOT}/vendor/rails/actionpack/lib/action_view/base.rb:315:in `render_template\'\n    #{RAILS_ROOT}/vendor/rails/actionpack/lib/action_view/base.rb:275:in `render_file\'\n    #{RAILS_ROOT}/vendor/rails/actionpack/lib/action_controller/layout.rb:257:in `render_without_benchmark\'\n    #{RAILS_ROOT}/vendor/rails/actionpack/lib/action_controller/benchmarking.rb:51:in `render\'\n    /usr/lib/ruby/1.8/benchmark.rb:293:in `measure\'\n    #{RAILS_ROOT}/vendor/rails/actionpack/lib/action_controller/benchmarking.rb:51:in `render\'\n    #{RAILS_ROOT}/app/controllers/projects_controller.rb:21:in `show\'\n    #{RAILS_ROOT}/vendor/rails/actionpack/lib/action_controller/mime_responds.rb:145:in `custom\'\n    #{RAILS_ROOT}/vendor/rails/actionpack/lib/action_controller/mime_responds.rb:177:in `respond\'\n    #{RAILS_ROOT}/vendor/rails/actionpack/lib/action_controller/mime_responds.rb:171:in `respond\'\n    #{RAILS_ROOT}/vendor/rails/actionpack/lib/action_controller/mime_responds.rb:105:in `respond_to\'\n    #{RAILS_ROOT}/app/controllers/projects_controller.rb:20:in `show\'\n    #{RAILS_ROOT}/vendor/rails/actionpack/lib/action_controller/base.rb:1120:in `perform_action_without_filters\'\n    #{RAILS_ROOT}/vendor/rails/actionpack/lib/action_controller/filters.rb:623:in `call_filter\'\n    #{RAILS_ROOT}/vendor/rails/actionpack/lib/action_controller/filters.rb:625:in `call_filter\'\n    #{RAILS_ROOT}/vendor/rails/actionpack/lib/action_controller/filters.rb:629:in `call_filter\'\n    #{RAILS_ROOT}/vendor/rails/actionpack/lib/action_controller/filters.rb:438:in `call\'\n    #{RAILS_ROOT}/vendor/rails/actionpack/lib/action_controller/filters.rb:628:in `call_filter\'\n    #{RAILS_ROOT}/vendor/rails/actionpack/lib/action_controller/filters.rb:629:in `call_filter\'\n    #{RAILS_ROOT}/vendor/rails/actionpack/lib/action_controller/filters.rb:438:in `call\'\n    #{RAILS_ROOT}/vendor/rails/actionpack/lib/action_controller/filters.rb:628:in `call_filter\'\n    #{RAILS_ROOT}/vendor/rails/actionpack/lib/action_controller/filters.rb:657:in `perform_action_without_benchmark\'\n    #{RAILS_ROOT}/vendor/rails/actionpack/lib/action_controller/benchmarking.rb:68:in `perform_action_without_rescue\'\n    /usr/lib/ruby/1.8/benchmark.rb:293:in `measure\'\n    #{RAILS_ROOT}/vendor/rails/actionpack/lib/action_controller/benchmarking.rb:68:in `perform_action_without_rescue\'\n    #{RAILS_ROOT}/vendor/rails/actionpack/lib/action_controller/rescue.rb:125:in `perform_action_without_caching\'\n    #{RAILS_ROOT}/vendor/rails/actionpack/lib/action_controller/caching.rb:649:in `perform_action\'\n    #{RAILS_ROOT}/vendor/rails/activerecord/lib/active_record/query_cache.rb:99:in `cache\'\n    #{RAILS_ROOT}/vendor/rails/actionpack/lib/action_controller/caching.rb:648:in `perform_action\'\n    #{RAILS_ROOT}/vendor/rails/actionpack/lib/action_controller/base.rb:473:in `process_without_filters\'\n    #{RAILS_ROOT}/vendor/rails/actionpack/lib/action_controller/filters.rb:652:in `process_without_session_management_support\'\n    #{RAILS_ROOT}/vendor/rails/actionpack/lib/action_controller/session_management.rb:122:in `process\'\n    #{RAILS_ROOT}/vendor/rails/actionpack/lib/action_controller/base.rb:326:in `process\'\n    #{RAILS_ROOT}/vendor/rails/railties/lib/dispatcher.rb:39:in `dispatch\'\n    #{RAILS_ROOT}/vendor/rails/railties/lib/fcgi_handler.rb:168:in `process_request\'\n    #{RAILS_ROOT}/vendor/rails/railties/lib/fcgi_handler.rb:143:in `process_each_request!\'\n    #{RAILS_ROOT}/vendor/rails/railties/lib/fcgi_handler.rb:109:in `with_signal_handler\'\n    #{RAILS_ROOT}/vendor/rails/railties/lib/fcgi_handler.rb:142:in `process_each_request!\'\n    /usr/lib/ruby/gems/1.8/gems/fcgi-0.8.7/lib/fcgi.rb:612:in `each_cgi\'\n    /usr/lib/ruby/gems/1.8/gems/fcgi-0.8.7/lib/fcgi.rb:609:in `each_cgi\'\n    #{RAILS_ROOT}/vendor/rails/railties/lib/fcgi_handler.rb:141:in `process_each_request!\'\n    #{RAILS_ROOT}/vendor/rails/railties/lib/fcgi_handler.rb:55:in `process!\'\n    #{RAILS_ROOT}/vendor/rails/railties/lib/fcgi_handler.rb:25:in `process!\'\n    /home/mvanholstyn/websites/strac.lotswholetime.com/current/public/dispatch.fcgi:24','* DOCUMENT_ROOT       : /var/www/lotswholetime.com\n* FCGI_ROLE           : RESPONDER\n* GATEWAY_INTERFACE   : CGI/1.1\n* HTTP_ACCEPT         : text/xml,application/xml,application/xhtml+xml,text/html;q=0.9,text/plain;q=0.8,image/png,*/*;q=0.5\n* HTTP_ACCEPT_CHARSET : ISO-8859-1,utf-8;q=0.7,*;q=0.7\n* HTTP_ACCEPT_ENCODING: gzip,deflate\n* HTTP_ACCEPT_LANGUAGE: en-us,en;q=0.5\n* HTTP_CONNECTION     : keep-alive\n* HTTP_COOKIE         : strac_session_key=BAh7CDoScHJlX2xvZ2luX3VybDA6FGN1cnJlbnRfdXNlcl9pZGkGIgpmbGFz%250AaElDOidBY3Rpb25Db250cm9sbGVyOjpGbGFzaDo6Rmxhc2hIYXNoewAGOgpA%250AdXNlZHsA--ae78aefefcc3dd8d35de8ab6aa0a043ee7d1ce2d\n* HTTP_HOST           : lotswholetime.com\n* HTTP_IF_NONE_MATCH  : \"1a729704663af037fd76cecc713500f1\"\n* HTTP_KEEP_ALIVE     : 300\n* HTTP_REFERER        : http://lotswholetime.com/strac/projects/1\n* HTTP_USER_AGENT     : Mozilla/5.0 (Macintosh; U; Intel Mac OS X; en-US; rv:1.8.1.3) Gecko/20070309 Firefox/2.0.0.3\n* PATH                : /usr/local/bin:/usr/bin:/bin\n* QUERY_STRING        : \n* REDIRECT_STATUS     : 200\n* REDIRECT_URL        : /strac/projects/4\n* REMOTE_ADDR         : 69.209.118.122\n* REMOTE_PORT         : 50564\n* REQUEST_METHOD      : GET\n* REQUEST_URI         : /strac/projects/4\n* SCRIPT_FILENAME     : /home/mvanholstyn/websites/strac.lotswholetime.com/current/public/dispatch.fcgi\n* SCRIPT_NAME         : /strac/dispatch.fcgi\n* SERVER_ADDR         : 192.168.1.149\n* SERVER_ADMIN        : mvanholstyn@gmail.com\n* SERVER_NAME         : lotswholetime.com\n* SERVER_PORT         : 80\n* SERVER_PROTOCOL     : HTTP/1.1\n* SERVER_SIGNATURE    : \n* SERVER_SOFTWARE     : Apache/2.0.55 (Ubuntu) DAV/2 SVN/1.3.2 mod_fastcgi/2.4.2 mod_python/3.2.8 Python/2.4.4c1 PHP/5.1.6\n* Process: 23189\n* Server : fluffy','* URL: http://lotswholetime.com/strac/projects/4\n* Format: text/html\n* Parameters: {\"action\"=>\"show\", \"id\"=>\"4\", \"controller\"=>\"projects\"}\n* Rails Root: /home/mvanholstyn/websites/strac.lotswholetime.com/releases/20070413230201','2007-04-13 19:03:44'),(5,'ActionView::TemplateError','projects','show','\"NaN\"','On line #81 of app/views/layouts/application.erb\n\n    78: 			</tr>\r\n    79: 			<tr>\r\n    80: 				<th>Estimated Remaining Iterations:</th>\r\n    81: 				<td><%= @project.estimated_remaining_iterations.ceil %></td>\r\n    82: 			</tr>\r\n    83: 			<tr>\r\n    84: 				<th>Estimated Completion Date:</th>\r\n\n    #{RAILS_ROOT}/app/views/layouts/application.erb:81:in `ceil\'\n    #{RAILS_ROOT}/app/views/layouts/application.erb:81:in `_run_erb_47app47views47layouts47application46erb\'\n    #{RAILS_ROOT}/vendor/rails/actionpack/lib/action_view/base.rb:339:in `compile_and_render_template\'\n    #{RAILS_ROOT}/vendor/rails/actionpack/lib/action_view/base.rb:315:in `render_template\'\n    #{RAILS_ROOT}/vendor/rails/actionpack/lib/action_view/base.rb:275:in `render_file\'\n    #{RAILS_ROOT}/vendor/rails/actionpack/lib/action_controller/layout.rb:257:in `render_without_benchmark\'\n    #{RAILS_ROOT}/vendor/rails/actionpack/lib/action_controller/benchmarking.rb:51:in `render\'\n    /usr/lib/ruby/1.8/benchmark.rb:293:in `measure\'\n    #{RAILS_ROOT}/vendor/rails/actionpack/lib/action_controller/benchmarking.rb:51:in `render\'\n    #{RAILS_ROOT}/app/controllers/projects_controller.rb:21:in `show\'\n    #{RAILS_ROOT}/vendor/rails/actionpack/lib/action_controller/mime_responds.rb:145:in `custom\'\n    #{RAILS_ROOT}/vendor/rails/actionpack/lib/action_controller/mime_responds.rb:177:in `respond\'\n    #{RAILS_ROOT}/vendor/rails/actionpack/lib/action_controller/mime_responds.rb:171:in `respond\'\n    #{RAILS_ROOT}/vendor/rails/actionpack/lib/action_controller/mime_responds.rb:105:in `respond_to\'\n    #{RAILS_ROOT}/app/controllers/projects_controller.rb:20:in `show\'\n    #{RAILS_ROOT}/vendor/rails/actionpack/lib/action_controller/base.rb:1120:in `perform_action_without_filters\'\n    #{RAILS_ROOT}/vendor/rails/actionpack/lib/action_controller/filters.rb:623:in `call_filter\'\n    #{RAILS_ROOT}/vendor/rails/actionpack/lib/action_controller/filters.rb:625:in `call_filter\'\n    #{RAILS_ROOT}/vendor/rails/actionpack/lib/action_controller/filters.rb:629:in `call_filter\'\n    #{RAILS_ROOT}/vendor/rails/actionpack/lib/action_controller/filters.rb:438:in `call\'\n    #{RAILS_ROOT}/vendor/rails/actionpack/lib/action_controller/filters.rb:628:in `call_filter\'\n    #{RAILS_ROOT}/vendor/rails/actionpack/lib/action_controller/filters.rb:629:in `call_filter\'\n    #{RAILS_ROOT}/vendor/rails/actionpack/lib/action_controller/filters.rb:438:in `call\'\n    #{RAILS_ROOT}/vendor/rails/actionpack/lib/action_controller/filters.rb:628:in `call_filter\'\n    #{RAILS_ROOT}/vendor/rails/actionpack/lib/action_controller/filters.rb:657:in `perform_action_without_benchmark\'\n    #{RAILS_ROOT}/vendor/rails/actionpack/lib/action_controller/benchmarking.rb:68:in `perform_action_without_rescue\'\n    /usr/lib/ruby/1.8/benchmark.rb:293:in `measure\'\n    #{RAILS_ROOT}/vendor/rails/actionpack/lib/action_controller/benchmarking.rb:68:in `perform_action_without_rescue\'\n    #{RAILS_ROOT}/vendor/rails/actionpack/lib/action_controller/rescue.rb:125:in `perform_action_without_caching\'\n    #{RAILS_ROOT}/vendor/rails/actionpack/lib/action_controller/caching.rb:649:in `perform_action\'\n    #{RAILS_ROOT}/vendor/rails/activerecord/lib/active_record/query_cache.rb:99:in `cache\'\n    #{RAILS_ROOT}/vendor/rails/actionpack/lib/action_controller/caching.rb:648:in `perform_action\'\n    #{RAILS_ROOT}/vendor/rails/actionpack/lib/action_controller/base.rb:473:in `process_without_filters\'\n    #{RAILS_ROOT}/vendor/rails/actionpack/lib/action_controller/filters.rb:652:in `process_without_session_management_support\'\n    #{RAILS_ROOT}/vendor/rails/actionpack/lib/action_controller/session_management.rb:122:in `process\'\n    #{RAILS_ROOT}/vendor/rails/actionpack/lib/action_controller/base.rb:326:in `process\'\n    #{RAILS_ROOT}/vendor/rails/railties/lib/dispatcher.rb:39:in `dispatch\'\n    #{RAILS_ROOT}/vendor/rails/railties/lib/fcgi_handler.rb:168:in `process_request\'\n    #{RAILS_ROOT}/vendor/rails/railties/lib/fcgi_handler.rb:143:in `process_each_request!\'\n    #{RAILS_ROOT}/vendor/rails/railties/lib/fcgi_handler.rb:109:in `with_signal_handler\'\n    #{RAILS_ROOT}/vendor/rails/railties/lib/fcgi_handler.rb:142:in `process_each_request!\'\n    /usr/lib/ruby/gems/1.8/gems/fcgi-0.8.7/lib/fcgi.rb:612:in `each_cgi\'\n    /usr/lib/ruby/gems/1.8/gems/fcgi-0.8.7/lib/fcgi.rb:609:in `each_cgi\'\n    #{RAILS_ROOT}/vendor/rails/railties/lib/fcgi_handler.rb:141:in `process_each_request!\'\n    #{RAILS_ROOT}/vendor/rails/railties/lib/fcgi_handler.rb:55:in `process!\'\n    #{RAILS_ROOT}/vendor/rails/railties/lib/fcgi_handler.rb:25:in `process!\'\n    /home/mvanholstyn/websites/strac.lotswholetime.com/current/public/dispatch.fcgi:24','* DOCUMENT_ROOT       : /var/www/lotswholetime.com\n* FCGI_ROLE           : RESPONDER\n* GATEWAY_INTERFACE   : CGI/1.1\n* HTTP_ACCEPT         : text/xml,application/xml,application/xhtml+xml,text/html;q=0.9,text/plain;q=0.8,image/png,*/*;q=0.5\n* HTTP_ACCEPT_CHARSET : ISO-8859-1,utf-8;q=0.7,*;q=0.7\n* HTTP_ACCEPT_ENCODING: gzip,deflate\n* HTTP_ACCEPT_LANGUAGE: en-us,en;q=0.5\n* HTTP_CONNECTION     : keep-alive\n* HTTP_COOKIE         : strac_session_key=BAh7CDoScHJlX2xvZ2luX3VybDA6FGN1cnJlbnRfdXNlcl9pZGkGIgpmbGFz%250AaElDOidBY3Rpb25Db250cm9sbGVyOjpGbGFzaDo6Rmxhc2hIYXNoewAGOgpA%250AdXNlZHsA--ae78aefefcc3dd8d35de8ab6aa0a043ee7d1ce2d\n* HTTP_HOST           : lotswholetime.com\n* HTTP_KEEP_ALIVE     : 300\n* HTTP_REFERER        : http://lotswholetime.com/strac/projects/1\n* HTTP_USER_AGENT     : Mozilla/5.0 (Macintosh; U; Intel Mac OS X; en-US; rv:1.8.1.3) Gecko/20070309 Firefox/2.0.0.3\n* PATH                : /usr/local/bin:/usr/bin:/bin\n* QUERY_STRING        : \n* REDIRECT_STATUS     : 200\n* REDIRECT_URL        : /strac/projects/4\n* REMOTE_ADDR         : 69.209.118.122\n* REMOTE_PORT         : 50568\n* REQUEST_METHOD      : GET\n* REQUEST_URI         : /strac/projects/4\n* SCRIPT_FILENAME     : /home/mvanholstyn/websites/strac.lotswholetime.com/current/public/dispatch.fcgi\n* SCRIPT_NAME         : /strac/dispatch.fcgi\n* SERVER_ADDR         : 192.168.1.149\n* SERVER_ADMIN        : mvanholstyn@gmail.com\n* SERVER_NAME         : lotswholetime.com\n* SERVER_PORT         : 80\n* SERVER_PROTOCOL     : HTTP/1.1\n* SERVER_SIGNATURE    : \n* SERVER_SOFTWARE     : Apache/2.0.55 (Ubuntu) DAV/2 SVN/1.3.2 mod_fastcgi/2.4.2 mod_python/3.2.8 Python/2.4.4c1 PHP/5.1.6\n* Process: 23189\n* Server : fluffy','* URL: http://lotswholetime.com/strac/projects/4\n* Format: text/html\n* Parameters: {\"action\"=>\"show\", \"id\"=>\"4\", \"controller\"=>\"projects\"}\n* Rails Root: /home/mvanholstyn/websites/strac.lotswholetime.com/releases/20070413230201','2007-04-13 19:04:10'),(6,'ActionView::TemplateError','projects','show','\"NaN\"','On line #81 of app/views/layouts/application.erb\n\n    78: 			</tr>\r\n    79: 			<tr>\r\n    80: 				<th>Estimated Remaining Iterations:</th>\r\n    81: 				<td><%= @project.estimated_remaining_iterations.ceil %></td>\r\n    82: 			</tr>\r\n    83: 			<tr>\r\n    84: 				<th>Estimated Completion Date:</th>\r\n\n    #{RAILS_ROOT}/app/views/layouts/application.erb:81:in `ceil\'\n    #{RAILS_ROOT}/app/views/layouts/application.erb:81:in `_run_erb_47app47views47layouts47application46erb\'\n    #{RAILS_ROOT}/vendor/rails/actionpack/lib/action_view/base.rb:339:in `compile_and_render_template\'\n    #{RAILS_ROOT}/vendor/rails/actionpack/lib/action_view/base.rb:315:in `render_template\'\n    #{RAILS_ROOT}/vendor/rails/actionpack/lib/action_view/base.rb:275:in `render_file\'\n    #{RAILS_ROOT}/vendor/rails/actionpack/lib/action_controller/layout.rb:257:in `render_without_benchmark\'\n    #{RAILS_ROOT}/vendor/rails/actionpack/lib/action_controller/benchmarking.rb:51:in `render\'\n    /usr/lib/ruby/1.8/benchmark.rb:293:in `measure\'\n    #{RAILS_ROOT}/vendor/rails/actionpack/lib/action_controller/benchmarking.rb:51:in `render\'\n    #{RAILS_ROOT}/app/controllers/projects_controller.rb:21:in `show\'\n    #{RAILS_ROOT}/vendor/rails/actionpack/lib/action_controller/mime_responds.rb:145:in `custom\'\n    #{RAILS_ROOT}/vendor/rails/actionpack/lib/action_controller/mime_responds.rb:177:in `respond\'\n    #{RAILS_ROOT}/vendor/rails/actionpack/lib/action_controller/mime_responds.rb:171:in `respond\'\n    #{RAILS_ROOT}/vendor/rails/actionpack/lib/action_controller/mime_responds.rb:105:in `respond_to\'\n    #{RAILS_ROOT}/app/controllers/projects_controller.rb:20:in `show\'\n    #{RAILS_ROOT}/vendor/rails/actionpack/lib/action_controller/base.rb:1120:in `perform_action_without_filters\'\n    #{RAILS_ROOT}/vendor/rails/actionpack/lib/action_controller/filters.rb:623:in `call_filter\'\n    #{RAILS_ROOT}/vendor/rails/actionpack/lib/action_controller/filters.rb:625:in `call_filter\'\n    #{RAILS_ROOT}/vendor/rails/actionpack/lib/action_controller/filters.rb:629:in `call_filter\'\n    #{RAILS_ROOT}/vendor/rails/actionpack/lib/action_controller/filters.rb:438:in `call\'\n    #{RAILS_ROOT}/vendor/rails/actionpack/lib/action_controller/filters.rb:628:in `call_filter\'\n    #{RAILS_ROOT}/vendor/rails/actionpack/lib/action_controller/filters.rb:629:in `call_filter\'\n    #{RAILS_ROOT}/vendor/rails/actionpack/lib/action_controller/filters.rb:438:in `call\'\n    #{RAILS_ROOT}/vendor/rails/actionpack/lib/action_controller/filters.rb:628:in `call_filter\'\n    #{RAILS_ROOT}/vendor/rails/actionpack/lib/action_controller/filters.rb:657:in `perform_action_without_benchmark\'\n    #{RAILS_ROOT}/vendor/rails/actionpack/lib/action_controller/benchmarking.rb:68:in `perform_action_without_rescue\'\n    /usr/lib/ruby/1.8/benchmark.rb:293:in `measure\'\n    #{RAILS_ROOT}/vendor/rails/actionpack/lib/action_controller/benchmarking.rb:68:in `perform_action_without_rescue\'\n    #{RAILS_ROOT}/vendor/rails/actionpack/lib/action_controller/rescue.rb:125:in `perform_action_without_caching\'\n    #{RAILS_ROOT}/vendor/rails/actionpack/lib/action_controller/caching.rb:649:in `perform_action\'\n    #{RAILS_ROOT}/vendor/rails/activerecord/lib/active_record/query_cache.rb:99:in `cache\'\n    #{RAILS_ROOT}/vendor/rails/actionpack/lib/action_controller/caching.rb:648:in `perform_action\'\n    #{RAILS_ROOT}/vendor/rails/actionpack/lib/action_controller/base.rb:473:in `process_without_filters\'\n    #{RAILS_ROOT}/vendor/rails/actionpack/lib/action_controller/filters.rb:652:in `process_without_session_management_support\'\n    #{RAILS_ROOT}/vendor/rails/actionpack/lib/action_controller/session_management.rb:122:in `process\'\n    #{RAILS_ROOT}/vendor/rails/actionpack/lib/action_controller/base.rb:326:in `process\'\n    #{RAILS_ROOT}/vendor/rails/railties/lib/dispatcher.rb:39:in `dispatch\'\n    #{RAILS_ROOT}/vendor/rails/railties/lib/fcgi_handler.rb:168:in `process_request\'\n    #{RAILS_ROOT}/vendor/rails/railties/lib/fcgi_handler.rb:143:in `process_each_request!\'\n    #{RAILS_ROOT}/vendor/rails/railties/lib/fcgi_handler.rb:109:in `with_signal_handler\'\n    #{RAILS_ROOT}/vendor/rails/railties/lib/fcgi_handler.rb:142:in `process_each_request!\'\n    /usr/lib/ruby/gems/1.8/gems/fcgi-0.8.7/lib/fcgi.rb:612:in `each_cgi\'\n    /usr/lib/ruby/gems/1.8/gems/fcgi-0.8.7/lib/fcgi.rb:609:in `each_cgi\'\n    #{RAILS_ROOT}/vendor/rails/railties/lib/fcgi_handler.rb:141:in `process_each_request!\'\n    #{RAILS_ROOT}/vendor/rails/railties/lib/fcgi_handler.rb:55:in `process!\'\n    #{RAILS_ROOT}/vendor/rails/railties/lib/fcgi_handler.rb:25:in `process!\'\n    /home/mvanholstyn/websites/strac.lotswholetime.com/current/public/dispatch.fcgi:24','* DOCUMENT_ROOT       : /var/www/lotswholetime.com\n* FCGI_ROLE           : RESPONDER\n* GATEWAY_INTERFACE   : CGI/1.1\n* HTTP_ACCEPT         : text/xml,application/xml,application/xhtml+xml,text/html;q=0.9,text/plain;q=0.8,image/png,*/*;q=0.5\n* HTTP_ACCEPT_CHARSET : ISO-8859-1,utf-8;q=0.7,*;q=0.7\n* HTTP_ACCEPT_ENCODING: gzip,deflate\n* HTTP_ACCEPT_LANGUAGE: en-us,en;q=0.5\n* HTTP_CACHE_CONTROL  : max-age=0\n* HTTP_CONNECTION     : keep-alive\n* HTTP_COOKIE         : strac_session_key=BAh7CDoScHJlX2xvZ2luX3VybDA6FGN1cnJlbnRfdXNlcl9pZGkGIgpmbGFz%250AaElDOidBY3Rpb25Db250cm9sbGVyOjpGbGFzaDo6Rmxhc2hIYXNoewAGOgpA%250AdXNlZHsA--ae78aefefcc3dd8d35de8ab6aa0a043ee7d1ce2d\n* HTTP_HOST           : lotswholetime.com\n* HTTP_KEEP_ALIVE     : 300\n* HTTP_REFERER        : http://lotswholetime.com/strac/projects/1\n* HTTP_USER_AGENT     : Mozilla/5.0 (Macintosh; U; Intel Mac OS X; en-US; rv:1.8.1.3) Gecko/20070309 Firefox/2.0.0.3\n* PATH                : /usr/local/bin:/usr/bin:/bin\n* QUERY_STRING        : \n* REDIRECT_STATUS     : 200\n* REDIRECT_URL        : /strac/projects/4\n* REMOTE_ADDR         : 69.209.118.122\n* REMOTE_PORT         : 50576\n* REQUEST_METHOD      : GET\n* REQUEST_URI         : /strac/projects/4\n* SCRIPT_FILENAME     : /home/mvanholstyn/websites/strac.lotswholetime.com/current/public/dispatch.fcgi\n* SCRIPT_NAME         : /strac/dispatch.fcgi\n* SERVER_ADDR         : 192.168.1.149\n* SERVER_ADMIN        : mvanholstyn@gmail.com\n* SERVER_NAME         : lotswholetime.com\n* SERVER_PORT         : 80\n* SERVER_PROTOCOL     : HTTP/1.1\n* SERVER_SIGNATURE    : \n* SERVER_SOFTWARE     : Apache/2.0.55 (Ubuntu) DAV/2 SVN/1.3.2 mod_fastcgi/2.4.2 mod_python/3.2.8 Python/2.4.4c1 PHP/5.1.6\n* Process: 23472\n* Server : fluffy','* URL: http://lotswholetime.com/strac/projects/4\n* Format: text/html\n* Parameters: {\"action\"=>\"show\", \"id\"=>\"4\", \"controller\"=>\"projects\"}\n* Rails Root: /home/mvanholstyn/websites/strac.lotswholetime.com/releases/20070413230558','2007-04-13 19:08:24'),(7,'ActionView::TemplateError','projects','show','\"NaN\"','On line #81 of app/views/layouts/application.erb\n\n    78: 			</tr>\r\n    79: 			<tr>\r\n    80: 				<th>Estimated Remaining Iterations:</th>\r\n    81: 				<td><%= @project.estimated_remaining_iterations.ceil %></td>\r\n    82: 			</tr>\r\n    83: 			<tr>\r\n    84: 				<th>Estimated Completion Date:</th>\r\n\n    #{RAILS_ROOT}/app/views/layouts/application.erb:81:in `ceil\'\n    #{RAILS_ROOT}/app/views/layouts/application.erb:81:in `_run_erb_47app47views47layouts47application46erb\'\n    #{RAILS_ROOT}/vendor/rails/actionpack/lib/action_view/base.rb:339:in `compile_and_render_template\'\n    #{RAILS_ROOT}/vendor/rails/actionpack/lib/action_view/base.rb:315:in `render_template\'\n    #{RAILS_ROOT}/vendor/rails/actionpack/lib/action_view/base.rb:275:in `render_file\'\n    #{RAILS_ROOT}/vendor/rails/actionpack/lib/action_controller/layout.rb:257:in `render_without_benchmark\'\n    #{RAILS_ROOT}/vendor/rails/actionpack/lib/action_controller/benchmarking.rb:51:in `render\'\n    /usr/lib/ruby/1.8/benchmark.rb:293:in `measure\'\n    #{RAILS_ROOT}/vendor/rails/actionpack/lib/action_controller/benchmarking.rb:51:in `render\'\n    #{RAILS_ROOT}/app/controllers/projects_controller.rb:21:in `show\'\n    #{RAILS_ROOT}/vendor/rails/actionpack/lib/action_controller/mime_responds.rb:145:in `custom\'\n    #{RAILS_ROOT}/vendor/rails/actionpack/lib/action_controller/mime_responds.rb:177:in `respond\'\n    #{RAILS_ROOT}/vendor/rails/actionpack/lib/action_controller/mime_responds.rb:171:in `respond\'\n    #{RAILS_ROOT}/vendor/rails/actionpack/lib/action_controller/mime_responds.rb:105:in `respond_to\'\n    #{RAILS_ROOT}/app/controllers/projects_controller.rb:20:in `show\'\n    #{RAILS_ROOT}/vendor/rails/actionpack/lib/action_controller/base.rb:1120:in `perform_action_without_filters\'\n    #{RAILS_ROOT}/vendor/rails/actionpack/lib/action_controller/filters.rb:623:in `call_filter\'\n    #{RAILS_ROOT}/vendor/rails/actionpack/lib/action_controller/filters.rb:625:in `call_filter\'\n    #{RAILS_ROOT}/vendor/rails/actionpack/lib/action_controller/filters.rb:629:in `call_filter\'\n    #{RAILS_ROOT}/vendor/rails/actionpack/lib/action_controller/filters.rb:438:in `call\'\n    #{RAILS_ROOT}/vendor/rails/actionpack/lib/action_controller/filters.rb:628:in `call_filter\'\n    #{RAILS_ROOT}/vendor/rails/actionpack/lib/action_controller/filters.rb:629:in `call_filter\'\n    #{RAILS_ROOT}/vendor/rails/actionpack/lib/action_controller/filters.rb:438:in `call\'\n    #{RAILS_ROOT}/vendor/rails/actionpack/lib/action_controller/filters.rb:628:in `call_filter\'\n    #{RAILS_ROOT}/vendor/rails/actionpack/lib/action_controller/filters.rb:657:in `perform_action_without_benchmark\'\n    #{RAILS_ROOT}/vendor/rails/actionpack/lib/action_controller/benchmarking.rb:68:in `perform_action_without_rescue\'\n    /usr/lib/ruby/1.8/benchmark.rb:293:in `measure\'\n    #{RAILS_ROOT}/vendor/rails/actionpack/lib/action_controller/benchmarking.rb:68:in `perform_action_without_rescue\'\n    #{RAILS_ROOT}/vendor/rails/actionpack/lib/action_controller/rescue.rb:125:in `perform_action_without_caching\'\n    #{RAILS_ROOT}/vendor/rails/actionpack/lib/action_controller/caching.rb:649:in `perform_action\'\n    #{RAILS_ROOT}/vendor/rails/activerecord/lib/active_record/query_cache.rb:99:in `cache\'\n    #{RAILS_ROOT}/vendor/rails/actionpack/lib/action_controller/caching.rb:648:in `perform_action\'\n    #{RAILS_ROOT}/vendor/rails/actionpack/lib/action_controller/base.rb:473:in `process_without_filters\'\n    #{RAILS_ROOT}/vendor/rails/actionpack/lib/action_controller/filters.rb:652:in `process_without_session_management_support\'\n    #{RAILS_ROOT}/vendor/rails/actionpack/lib/action_controller/session_management.rb:122:in `process\'\n    #{RAILS_ROOT}/vendor/rails/actionpack/lib/action_controller/base.rb:326:in `process\'\n    #{RAILS_ROOT}/vendor/rails/railties/lib/dispatcher.rb:39:in `dispatch\'\n    #{RAILS_ROOT}/vendor/rails/railties/lib/fcgi_handler.rb:168:in `process_request\'\n    #{RAILS_ROOT}/vendor/rails/railties/lib/fcgi_handler.rb:143:in `process_each_request!\'\n    #{RAILS_ROOT}/vendor/rails/railties/lib/fcgi_handler.rb:109:in `with_signal_handler\'\n    #{RAILS_ROOT}/vendor/rails/railties/lib/fcgi_handler.rb:142:in `process_each_request!\'\n    /usr/lib/ruby/gems/1.8/gems/fcgi-0.8.7/lib/fcgi.rb:612:in `each_cgi\'\n    /usr/lib/ruby/gems/1.8/gems/fcgi-0.8.7/lib/fcgi.rb:609:in `each_cgi\'\n    #{RAILS_ROOT}/vendor/rails/railties/lib/fcgi_handler.rb:141:in `process_each_request!\'\n    #{RAILS_ROOT}/vendor/rails/railties/lib/fcgi_handler.rb:55:in `process!\'\n    #{RAILS_ROOT}/vendor/rails/railties/lib/fcgi_handler.rb:25:in `process!\'\n    /home/mvanholstyn/websites/strac.lotswholetime.com/current/public/dispatch.fcgi:24','* DOCUMENT_ROOT       : /var/www/lotswholetime.com\n* FCGI_ROLE           : RESPONDER\n* GATEWAY_INTERFACE   : CGI/1.1\n* HTTP_ACCEPT         : text/xml,application/xml,application/xhtml+xml,text/html;q=0.9,text/plain;q=0.8,image/png,*/*;q=0.5\n* HTTP_ACCEPT_CHARSET : ISO-8859-1,utf-8;q=0.7,*;q=0.7\n* HTTP_ACCEPT_ENCODING: gzip,deflate\n* HTTP_ACCEPT_LANGUAGE: en-us,en;q=0.5\n* HTTP_CACHE_CONTROL  : max-age=0\n* HTTP_CONNECTION     : keep-alive\n* HTTP_COOKIE         : strac_session_key=BAh7CDoScHJlX2xvZ2luX3VybDA6FGN1cnJlbnRfdXNlcl9pZGkGIgpmbGFz%250AaElDOidBY3Rpb25Db250cm9sbGVyOjpGbGFzaDo6Rmxhc2hIYXNoewAGOgpA%250AdXNlZHsA--ae78aefefcc3dd8d35de8ab6aa0a043ee7d1ce2d\n* HTTP_HOST           : lotswholetime.com\n* HTTP_KEEP_ALIVE     : 300\n* HTTP_REFERER        : http://lotswholetime.com/strac/projects/1\n* HTTP_USER_AGENT     : Mozilla/5.0 (Macintosh; U; Intel Mac OS X; en-US; rv:1.8.1.3) Gecko/20070309 Firefox/2.0.0.3\n* PATH                : /usr/local/bin:/usr/bin:/bin\n* QUERY_STRING        : \n* REDIRECT_STATUS     : 200\n* REDIRECT_URL        : /strac/projects/4\n* REMOTE_ADDR         : 69.209.118.122\n* REMOTE_PORT         : 50577\n* REQUEST_METHOD      : GET\n* REQUEST_URI         : /strac/projects/4\n* SCRIPT_FILENAME     : /home/mvanholstyn/websites/strac.lotswholetime.com/current/public/dispatch.fcgi\n* SCRIPT_NAME         : /strac/dispatch.fcgi\n* SERVER_ADDR         : 192.168.1.149\n* SERVER_ADMIN        : mvanholstyn@gmail.com\n* SERVER_NAME         : lotswholetime.com\n* SERVER_PORT         : 80\n* SERVER_PROTOCOL     : HTTP/1.1\n* SERVER_SIGNATURE    : \n* SERVER_SOFTWARE     : Apache/2.0.55 (Ubuntu) DAV/2 SVN/1.3.2 mod_fastcgi/2.4.2 mod_python/3.2.8 Python/2.4.4c1 PHP/5.1.6\n* Process: 23472\n* Server : fluffy','* URL: http://lotswholetime.com/strac/projects/4\n* Format: text/html\n* Parameters: {\"action\"=>\"show\", \"id\"=>\"4\", \"controller\"=>\"projects\"}\n* Rails Root: /home/mvanholstyn/websites/strac.lotswholetime.com/releases/20070413230558','2007-04-13 19:08:34'),(8,'NoMethodError','stories','reorder','\"undefined method `last\' for nil:NilClass\"','[RAILS_ROOT]/app/controllers/stories_controller.rb:109:in `reorder\'\n[RAILS_ROOT]/vendor/rails/actionpack/lib/action_controller/mime_responds.rb:104:in `call\'\n[RAILS_ROOT]/vendor/rails/actionpack/lib/action_controller/mime_responds.rb:104:in `respond_to\'\n[RAILS_ROOT]/app/controllers/stories_controller.rb:106:in `reorder\'\n[RAILS_ROOT]/vendor/rails/actionpack/lib/action_controller/base.rb:1120:in `send\'\n[RAILS_ROOT]/vendor/rails/actionpack/lib/action_controller/base.rb:1120:in `perform_action_without_filters\'\n[RAILS_ROOT]/vendor/rails/actionpack/lib/action_controller/filters.rb:623:in `call_filter\'\n[RAILS_ROOT]/vendor/rails/actionpack/lib/action_controller/filters.rb:625:in `call_filter\'\n[RAILS_ROOT]/vendor/rails/actionpack/lib/action_controller/filters.rb:629:in `call_filter\'\n[RAILS_ROOT]/vendor/rails/actionpack/lib/action_controller/filters.rb:438:in `call\'\n[RAILS_ROOT]/vendor/rails/actionpack/lib/action_controller/filters.rb:628:in `call_filter\'\n[RAILS_ROOT]/vendor/rails/actionpack/lib/action_controller/filters.rb:629:in `call_filter\'\n[RAILS_ROOT]/vendor/rails/actionpack/lib/action_controller/filters.rb:438:in `call\'\n[RAILS_ROOT]/vendor/rails/actionpack/lib/action_controller/filters.rb:628:in `call_filter\'\n[RAILS_ROOT]/vendor/rails/actionpack/lib/action_controller/filters.rb:629:in `call_filter\'\n[RAILS_ROOT]/vendor/rails/actionpack/lib/action_controller/filters.rb:438:in `call\'\n[RAILS_ROOT]/vendor/rails/actionpack/lib/action_controller/filters.rb:628:in `call_filter\'\n[RAILS_ROOT]/vendor/rails/actionpack/lib/action_controller/filters.rb:657:in `perform_action_without_benchmark\'\n[RAILS_ROOT]/vendor/rails/actionpack/lib/action_controller/benchmarking.rb:68:in `perform_action_without_rescue\'\n/usr/lib/ruby/1.8/benchmark.rb:293:in `measure\'\n[RAILS_ROOT]/vendor/rails/actionpack/lib/action_controller/benchmarking.rb:68:in `perform_action_without_rescue\'\n[RAILS_ROOT]/vendor/rails/actionpack/lib/action_controller/rescue.rb:125:in `perform_action_without_caching\'\n[RAILS_ROOT]/vendor/rails/actionpack/lib/action_controller/caching.rb:649:in `perform_action\'\n[RAILS_ROOT]/vendor/rails/activerecord/lib/active_record/query_cache.rb:99:in `cache\'\n[RAILS_ROOT]/vendor/rails/actionpack/lib/action_controller/caching.rb:648:in `perform_action\'\n[RAILS_ROOT]/vendor/rails/actionpack/lib/action_controller/base.rb:473:in `send\'\n[RAILS_ROOT]/vendor/rails/actionpack/lib/action_controller/base.rb:473:in `process_without_filters\'\n[RAILS_ROOT]/vendor/rails/actionpack/lib/action_controller/filters.rb:652:in `process_without_session_management_support\'\n[RAILS_ROOT]/vendor/rails/actionpack/lib/action_controller/session_management.rb:122:in `process\'\n[RAILS_ROOT]/vendor/rails/actionpack/lib/action_controller/base.rb:326:in `process\'\n[RAILS_ROOT]/vendor/rails/railties/lib/dispatcher.rb:39:in `dispatch\'\n[RAILS_ROOT]/vendor/rails/railties/lib/fcgi_handler.rb:168:in `process_request\'\n[RAILS_ROOT]/vendor/rails/railties/lib/fcgi_handler.rb:143:in `process_each_request!\'\n[RAILS_ROOT]/vendor/rails/railties/lib/fcgi_handler.rb:109:in `with_signal_handler\'\n[RAILS_ROOT]/vendor/rails/railties/lib/fcgi_handler.rb:142:in `process_each_request!\'\n/usr/lib/ruby/gems/1.8/gems/fcgi-0.8.7/lib/fcgi.rb:612:in `each_cgi\'\n/usr/lib/ruby/gems/1.8/gems/fcgi-0.8.7/lib/fcgi.rb:609:in `each\'\n/usr/lib/ruby/gems/1.8/gems/fcgi-0.8.7/lib/fcgi.rb:609:in `each_cgi\'\n[RAILS_ROOT]/vendor/rails/railties/lib/fcgi_handler.rb:141:in `process_each_request!\'\n[RAILS_ROOT]/vendor/rails/railties/lib/fcgi_handler.rb:55:in `process!\'\n[RAILS_ROOT]/vendor/rails/railties/lib/fcgi_handler.rb:25:in `process!\'\n/home/mvanholstyn/websites/strac.lotswholetime.com/current/public/dispatch.fcgi:24','* CONTENT_LENGTH          : 11\n* CONTENT_TYPE            : application/x-www-form-urlencoded; charset=UTF-8\n* DOCUMENT_ROOT           : /home/mvanholstyn/websites/strac.lotswholetime.com/current/public\n* FCGI_ROLE               : RESPONDER\n* GATEWAY_INTERFACE       : CGI/1.1\n* HTTP_ACCEPT             : text/javascript, text/html, application/xml, text/xml, */*\n* HTTP_ACCEPT_CHARSET     : ISO-8859-1,utf-8;q=0.7,*;q=0.7\n* HTTP_ACCEPT_ENCODING    : gzip,deflate\n* HTTP_ACCEPT_LANGUAGE    : en-us,en;q=0.8,ko-kr;q=0.5,ko;q=0.3\n* HTTP_CACHE_CONTROL      : no-cache\n* HTTP_CONNECTION         : keep-alive\n* HTTP_COOKIE             : strac_session_key=BAh7CDoScHJlX2xvZ2luX3VybDA6FGN1cnJlbnRfdXNlcl9pZGkNIgpmbGFz%250AaElDOidBY3Rpb25Db250cm9sbGVyOjpGbGFzaDo6Rmxhc2hIYXNoewAGOgpA%250AdXNlZHsA--4e4f67a5bfbf1a70c999bcc971f2c172671a65df\n* HTTP_HOST               : strac.lotswholetime.com\n* HTTP_KEEP_ALIVE         : 300\n* HTTP_PRAGMA             : no-cache\n* HTTP_REFERER            : http://strac.lotswholetime.com/projects/8/stories\n* HTTP_USER_AGENT         : Mozilla/5.0 (Macintosh; U; Intel Mac OS X; en-US; rv:1.8.1.3) Gecko/20070309 Firefox/2.0.0.3\n* HTTP_X_PROTOTYPE_VERSION: 1.5.0\n* HTTP_X_REQUESTED_WITH   : XMLHttpRequest\n* PATH                    : /usr/local/bin:/usr/bin:/bin\n* QUERY_STRING            : \n* RAW_POST_DATA           : _method=put\n* REDIRECT_STATUS         : 200\n* REDIRECT_URL            : /projects/8/stories/reorder\n* REMOTE_ADDR             : 69.214.22.197\n* REMOTE_PORT             : 62380\n* REQUEST_METHOD          : POST\n* REQUEST_URI             : /projects/8/stories/reorder\n* SCRIPT_FILENAME         : /home/mvanholstyn/websites/strac.lotswholetime.com/current/public/dispatch.fcgi\n* SCRIPT_NAME             : /dispatch.fcgi\n* SERVER_ADDR             : 192.168.1.149\n* SERVER_ADMIN            : mvanholstyn@gmail.com\n* SERVER_NAME             : strac.lotswholetime.com\n* SERVER_PORT             : 80\n* SERVER_PROTOCOL         : HTTP/1.1\n* SERVER_SIGNATURE        : <address>Apache/2.2.3 (Ubuntu) DAV/2 SVN/1.4.3 mod_fastcgi/2.4.2 mod_python/3.2.10 Python/2.5.1c1 PHP/5.2.1 Server at strac.lotswholetime.com Port 80</address>\n* SERVER_SOFTWARE         : Apache/2.2.3 (Ubuntu) DAV/2 SVN/1.4.3 mod_fastcgi/2.4.2 mod_python/3.2.10 Python/2.5.1c1 PHP/5.2.1\n* Process: 20421\n* Server : fluffy','* URL: PUT http://strac.lotswholetime.com/projects/8/stories/reorder\n* Format: text/javascript\n* Parameters: {\"project_id\"=>\"8\", \"_method\"=>\"put\", \"action\"=>\"reorder\", \"controller\"=>\"stories\"}\n* Rails Root: /home/mvanholstyn/websites/strac.lotswholetime.com/releases/20070414003515','2007-05-07 16:15:11'),(9,'NoMethodError','stories','reorder','\"undefined method `last\' for nil:NilClass\"','[RAILS_ROOT]/app/controllers/stories_controller.rb:109:in `reorder\'\n[RAILS_ROOT]/vendor/rails/actionpack/lib/action_controller/mime_responds.rb:104:in `call\'\n[RAILS_ROOT]/vendor/rails/actionpack/lib/action_controller/mime_responds.rb:104:in `respond_to\'\n[RAILS_ROOT]/app/controllers/stories_controller.rb:106:in `reorder\'\n[RAILS_ROOT]/vendor/rails/actionpack/lib/action_controller/base.rb:1120:in `send\'\n[RAILS_ROOT]/vendor/rails/actionpack/lib/action_controller/base.rb:1120:in `perform_action_without_filters\'\n[RAILS_ROOT]/vendor/rails/actionpack/lib/action_controller/filters.rb:623:in `call_filter\'\n[RAILS_ROOT]/vendor/rails/actionpack/lib/action_controller/filters.rb:625:in `call_filter\'\n[RAILS_ROOT]/vendor/rails/actionpack/lib/action_controller/filters.rb:629:in `call_filter\'\n[RAILS_ROOT]/vendor/rails/actionpack/lib/action_controller/filters.rb:438:in `call\'\n[RAILS_ROOT]/vendor/rails/actionpack/lib/action_controller/filters.rb:628:in `call_filter\'\n[RAILS_ROOT]/vendor/rails/actionpack/lib/action_controller/filters.rb:629:in `call_filter\'\n[RAILS_ROOT]/vendor/rails/actionpack/lib/action_controller/filters.rb:438:in `call\'\n[RAILS_ROOT]/vendor/rails/actionpack/lib/action_controller/filters.rb:628:in `call_filter\'\n[RAILS_ROOT]/vendor/rails/actionpack/lib/action_controller/filters.rb:629:in `call_filter\'\n[RAILS_ROOT]/vendor/rails/actionpack/lib/action_controller/filters.rb:438:in `call\'\n[RAILS_ROOT]/vendor/rails/actionpack/lib/action_controller/filters.rb:628:in `call_filter\'\n[RAILS_ROOT]/vendor/rails/actionpack/lib/action_controller/filters.rb:657:in `perform_action_without_benchmark\'\n[RAILS_ROOT]/vendor/rails/actionpack/lib/action_controller/benchmarking.rb:68:in `perform_action_without_rescue\'\n/usr/lib/ruby/1.8/benchmark.rb:293:in `measure\'\n[RAILS_ROOT]/vendor/rails/actionpack/lib/action_controller/benchmarking.rb:68:in `perform_action_without_rescue\'\n[RAILS_ROOT]/vendor/rails/actionpack/lib/action_controller/rescue.rb:125:in `perform_action_without_caching\'\n[RAILS_ROOT]/vendor/rails/actionpack/lib/action_controller/caching.rb:649:in `perform_action\'\n[RAILS_ROOT]/vendor/rails/activerecord/lib/active_record/query_cache.rb:99:in `cache\'\n[RAILS_ROOT]/vendor/rails/actionpack/lib/action_controller/caching.rb:648:in `perform_action\'\n[RAILS_ROOT]/vendor/rails/actionpack/lib/action_controller/base.rb:473:in `send\'\n[RAILS_ROOT]/vendor/rails/actionpack/lib/action_controller/base.rb:473:in `process_without_filters\'\n[RAILS_ROOT]/vendor/rails/actionpack/lib/action_controller/filters.rb:652:in `process_without_session_management_support\'\n[RAILS_ROOT]/vendor/rails/actionpack/lib/action_controller/session_management.rb:122:in `process\'\n[RAILS_ROOT]/vendor/rails/actionpack/lib/action_controller/base.rb:326:in `process\'\n[RAILS_ROOT]/vendor/rails/railties/lib/dispatcher.rb:39:in `dispatch\'\n[RAILS_ROOT]/vendor/rails/railties/lib/fcgi_handler.rb:168:in `process_request\'\n[RAILS_ROOT]/vendor/rails/railties/lib/fcgi_handler.rb:143:in `process_each_request!\'\n[RAILS_ROOT]/vendor/rails/railties/lib/fcgi_handler.rb:109:in `with_signal_handler\'\n[RAILS_ROOT]/vendor/rails/railties/lib/fcgi_handler.rb:142:in `process_each_request!\'\n/usr/lib/ruby/gems/1.8/gems/fcgi-0.8.7/lib/fcgi.rb:612:in `each_cgi\'\n/usr/lib/ruby/gems/1.8/gems/fcgi-0.8.7/lib/fcgi.rb:609:in `each\'\n/usr/lib/ruby/gems/1.8/gems/fcgi-0.8.7/lib/fcgi.rb:609:in `each_cgi\'\n[RAILS_ROOT]/vendor/rails/railties/lib/fcgi_handler.rb:141:in `process_each_request!\'\n[RAILS_ROOT]/vendor/rails/railties/lib/fcgi_handler.rb:55:in `process!\'\n[RAILS_ROOT]/vendor/rails/railties/lib/fcgi_handler.rb:25:in `process!\'\n/home/mvanholstyn/websites/strac.lotswholetime.com/current/public/dispatch.fcgi:24','* CONTENT_LENGTH          : 11\n* CONTENT_TYPE            : application/x-www-form-urlencoded; charset=UTF-8\n* DOCUMENT_ROOT           : /home/mvanholstyn/websites/strac.lotswholetime.com/current/public\n* FCGI_ROLE               : RESPONDER\n* GATEWAY_INTERFACE       : CGI/1.1\n* HTTP_ACCEPT             : text/javascript, text/html, application/xml, text/xml, */*\n* HTTP_ACCEPT_CHARSET     : ISO-8859-1,utf-8;q=0.7,*;q=0.7\n* HTTP_ACCEPT_ENCODING    : gzip,deflate\n* HTTP_ACCEPT_LANGUAGE    : en-us,en;q=0.5\n* HTTP_CACHE_CONTROL      : no-cache\n* HTTP_CONNECTION         : keep-alive\n* HTTP_COOKIE             : strac_session_key=BAh7CDoScHJlX2xvZ2luX3VybDA6FGN1cnJlbnRfdXNlcl9pZGkGIgpmbGFz%250AaElDOidBY3Rpb25Db250cm9sbGVyOjpGbGFzaDo6Rmxhc2hIYXNoewAGOgpA%250AdXNlZHsA--ae78aefefcc3dd8d35de8ab6aa0a043ee7d1ce2d\n* HTTP_HOST               : strac.lotswholetime.com\n* HTTP_KEEP_ALIVE         : 300\n* HTTP_PRAGMA             : no-cache\n* HTTP_REFERER            : http://strac.lotswholetime.com/projects/5/stories\n* HTTP_USER_AGENT         : Mozilla/5.0 (Macintosh; U; Intel Mac OS X; en-US; rv:1.8.1.3) Gecko/20070309 Firefox/2.0.0.3\n* HTTP_X_PROTOTYPE_VERSION: 1.5.0\n* HTTP_X_REQUESTED_WITH   : XMLHttpRequest\n* PATH                    : /usr/local/bin:/usr/bin:/bin\n* QUERY_STRING            : \n* RAW_POST_DATA           : _method=put\n* REDIRECT_STATUS         : 200\n* REDIRECT_URL            : /projects/5/stories/reorder\n* REMOTE_ADDR             : 70.226.85.92\n* REMOTE_PORT             : 55042\n* REQUEST_METHOD          : POST\n* REQUEST_URI             : /projects/5/stories/reorder\n* SCRIPT_FILENAME         : /home/mvanholstyn/websites/strac.lotswholetime.com/current/public/dispatch.fcgi\n* SCRIPT_NAME             : /dispatch.fcgi\n* SERVER_ADDR             : 192.168.1.149\n* SERVER_ADMIN            : mvanholstyn@gmail.com\n* SERVER_NAME             : strac.lotswholetime.com\n* SERVER_PORT             : 80\n* SERVER_PROTOCOL         : HTTP/1.1\n* SERVER_SIGNATURE        : <address>Apache/2.2.3 (Ubuntu) DAV/2 SVN/1.4.3 mod_fastcgi/2.4.2 mod_python/3.2.10 Python/2.5.1c1 PHP/5.2.1 Server at strac.lotswholetime.com Port 80</address>\n* SERVER_SOFTWARE         : Apache/2.2.3 (Ubuntu) DAV/2 SVN/1.4.3 mod_fastcgi/2.4.2 mod_python/3.2.10 Python/2.5.1c1 PHP/5.2.1\n* Process: 29663\n* Server : fluffy','* URL: PUT http://strac.lotswholetime.com/projects/5/stories/reorder\n* Format: text/javascript\n* Parameters: {\"project_id\"=>\"5\", \"_method\"=>\"put\", \"action\"=>\"reorder\", \"controller\"=>\"stories\"}\n* Rails Root: /home/mvanholstyn/websites/strac.lotswholetime.com/releases/20070414003515','2007-05-22 13:35:06'),(10,'NoMethodError','projects','show','\"undefined method `project\' for nil:NilClass\"','[RAILS_ROOT]/app/models/project_permission.rb:22:in `find_project_for_user\'\n[RAILS_ROOT]/app/controllers/projects_controller.rb:18:in `show\'\n[RAILS_ROOT]/vendor/rails/actionpack/lib/action_controller/base.rb:1120:in `send\'\n[RAILS_ROOT]/vendor/rails/actionpack/lib/action_controller/base.rb:1120:in `perform_action_without_filters\'\n[RAILS_ROOT]/vendor/rails/actionpack/lib/action_controller/filters.rb:623:in `call_filter\'\n[RAILS_ROOT]/vendor/rails/actionpack/lib/action_controller/filters.rb:625:in `call_filter\'\n[RAILS_ROOT]/vendor/rails/actionpack/lib/action_controller/filters.rb:629:in `call_filter\'\n[RAILS_ROOT]/vendor/rails/actionpack/lib/action_controller/filters.rb:438:in `call\'\n[RAILS_ROOT]/vendor/rails/actionpack/lib/action_controller/filters.rb:628:in `call_filter\'\n[RAILS_ROOT]/vendor/rails/actionpack/lib/action_controller/filters.rb:629:in `call_filter\'\n[RAILS_ROOT]/vendor/rails/actionpack/lib/action_controller/filters.rb:438:in `call\'\n[RAILS_ROOT]/vendor/rails/actionpack/lib/action_controller/filters.rb:628:in `call_filter\'\n[RAILS_ROOT]/vendor/rails/actionpack/lib/action_controller/filters.rb:657:in `perform_action_without_benchmark\'\n[RAILS_ROOT]/vendor/rails/actionpack/lib/action_controller/benchmarking.rb:68:in `perform_action_without_rescue\'\n/usr/lib/ruby/1.8/benchmark.rb:293:in `measure\'\n[RAILS_ROOT]/vendor/rails/actionpack/lib/action_controller/benchmarking.rb:68:in `perform_action_without_rescue\'\n[RAILS_ROOT]/vendor/rails/actionpack/lib/action_controller/rescue.rb:125:in `perform_action_without_caching\'\n[RAILS_ROOT]/vendor/rails/actionpack/lib/action_controller/caching.rb:649:in `perform_action\'\n[RAILS_ROOT]/vendor/rails/activerecord/lib/active_record/query_cache.rb:99:in `cache\'\n[RAILS_ROOT]/vendor/rails/actionpack/lib/action_controller/caching.rb:648:in `perform_action\'\n[RAILS_ROOT]/vendor/rails/actionpack/lib/action_controller/base.rb:473:in `send\'\n[RAILS_ROOT]/vendor/rails/actionpack/lib/action_controller/base.rb:473:in `process_without_filters\'\n[RAILS_ROOT]/vendor/rails/actionpack/lib/action_controller/filters.rb:652:in `process_without_session_management_support\'\n[RAILS_ROOT]/vendor/rails/actionpack/lib/action_controller/session_management.rb:122:in `process\'\n[RAILS_ROOT]/vendor/rails/actionpack/lib/action_controller/base.rb:326:in `process\'\n[RAILS_ROOT]/vendor/rails/railties/lib/dispatcher.rb:39:in `dispatch\'\n[RAILS_ROOT]/vendor/rails/railties/lib/fcgi_handler.rb:168:in `process_request\'\n[RAILS_ROOT]/vendor/rails/railties/lib/fcgi_handler.rb:143:in `process_each_request!\'\n[RAILS_ROOT]/vendor/rails/railties/lib/fcgi_handler.rb:109:in `with_signal_handler\'\n[RAILS_ROOT]/vendor/rails/railties/lib/fcgi_handler.rb:142:in `process_each_request!\'\n/usr/lib/ruby/gems/1.8/gems/fcgi-0.8.7/lib/fcgi.rb:612:in `each_cgi\'\n/usr/lib/ruby/gems/1.8/gems/fcgi-0.8.7/lib/fcgi.rb:609:in `each\'\n/usr/lib/ruby/gems/1.8/gems/fcgi-0.8.7/lib/fcgi.rb:609:in `each_cgi\'\n[RAILS_ROOT]/vendor/rails/railties/lib/fcgi_handler.rb:141:in `process_each_request!\'\n[RAILS_ROOT]/vendor/rails/railties/lib/fcgi_handler.rb:55:in `process!\'\n[RAILS_ROOT]/vendor/rails/railties/lib/fcgi_handler.rb:25:in `process!\'\n/home/mvanholstyn/websites/strac.lotswholetime.com/current/public/dispatch.fcgi:24','* DOCUMENT_ROOT       : /home/mvanholstyn/websites/strac.lotswholetime.com/current/public\n* FCGI_ROLE           : RESPONDER\n* GATEWAY_INTERFACE   : CGI/1.1\n* HTTP_ACCEPT         : text/xml,application/xml,application/xhtml+xml,text/html;q=0.9,text/plain;q=0.8,image/png,*/*;q=0.5\n* HTTP_ACCEPT_CHARSET : ISO-8859-1,utf-8;q=0.7,*;q=0.7\n* HTTP_ACCEPT_ENCODING: gzip,deflate\n* HTTP_ACCEPT_LANGUAGE: en-us,en;q=0.5\n* HTTP_CONNECTION     : keep-alive\n* HTTP_COOKIE         : strac_session_key=BAh7CDoUY3VycmVudF91c2VyX2lkaQY6EnByZV9sb2dpbl91cmwwIgpmbGFz%250AaElDOidBY3Rpb25Db250cm9sbGVyOjpGbGFzaDo6Rmxhc2hIYXNoewAGOgpA%250AdXNlZHsA--3074a8970606b63668aabf7f9aea35330d907cff\n* HTTP_HOST           : strac.lotswholetime.com\n* HTTP_KEEP_ALIVE     : 300\n* HTTP_USER_AGENT     : Mozilla/5.0 (Macintosh; U; Intel Mac OS X; en-US; rv:1.8.1.4) Gecko/20070515 Firefox/2.0.0.4\n* PATH                : /usr/local/bin:/usr/bin:/bin\n* QUERY_STRING        : \n* REDIRECT_STATUS     : 200\n* REDIRECT_URL        : /projects/10\n* REMOTE_ADDR         : 70.226.80.34\n* REMOTE_PORT         : 42855\n* REQUEST_METHOD      : GET\n* REQUEST_URI         : /projects/10\n* SCRIPT_FILENAME     : /home/mvanholstyn/websites/strac.lotswholetime.com/current/public/dispatch.fcgi\n* SCRIPT_NAME         : /dispatch.fcgi\n* SERVER_ADDR         : 192.168.1.3\n* SERVER_ADMIN        : mvanholstyn@gmail.com\n* SERVER_NAME         : strac.lotswholetime.com\n* SERVER_PORT         : 80\n* SERVER_PROTOCOL     : HTTP/1.1\n* SERVER_SIGNATURE    : <address>Apache/2.2.3 (Ubuntu) DAV/2 SVN/1.4.3 mod_fastcgi/2.4.2 mod_python/3.2.10 Python/2.5.1 PHP/5.2.1 Server at strac.lotswholetime.com Port 80</address>\n* SERVER_SOFTWARE     : Apache/2.2.3 (Ubuntu) DAV/2 SVN/1.4.3 mod_fastcgi/2.4.2 mod_python/3.2.10 Python/2.5.1 PHP/5.2.1\n* Process: 31137\n* Server : fluffy','* URL: http://strac.lotswholetime.com/projects/10\n* Format: text/html\n* Parameters: {\"action\"=>\"show\", \"id\"=>\"10\", \"controller\"=>\"projects\"}\n* Rails Root: /home/mvanholstyn/websites/strac.lotswholetime.com/releases/20070414003515','2007-06-28 09:56:41');
/*!40000 ALTER TABLE `logged_exceptions` ENABLE KEYS */;
UNLOCK TABLES;

--
-- Table structure for table `priorities`
--

DROP TABLE IF EXISTS `priorities`;
CREATE TABLE `priorities` (
  `id` int(11) NOT NULL auto_increment,
  `name` varchar(255) default NULL,
  `color` varchar(255) default NULL,
  `position` int(11) default NULL,
  PRIMARY KEY  (`id`)
) ENGINE=InnoDB DEFAULT CHARSET=latin1;

--
-- Dumping data for table `priorities`
--

LOCK TABLES `priorities` WRITE;
/*!40000 ALTER TABLE `priorities` DISABLE KEYS */;
INSERT INTO `priorities` VALUES (7,'High','red',1),(8,'Medium','yellow',2),(9,'Low','green',3);
/*!40000 ALTER TABLE `priorities` ENABLE KEYS */;
UNLOCK TABLES;

--
-- Table structure for table `privileges`
--

DROP TABLE IF EXISTS `privileges`;
CREATE TABLE `privileges` (
  `id` int(11) NOT NULL auto_increment,
  `name` varchar(255) default NULL,
  PRIMARY KEY  (`id`)
) ENGINE=InnoDB DEFAULT CHARSET=latin1;

--
-- Dumping data for table `privileges`
--

LOCK TABLES `privileges` WRITE;
/*!40000 ALTER TABLE `privileges` DISABLE KEYS */;
INSERT INTO `privileges` VALUES (14,'crud_companies'),(15,'crud_projects'),(16,'crud_users'),(17,'crud_companies_users'),(18,'user');
/*!40000 ALTER TABLE `privileges` ENABLE KEYS */;
UNLOCK TABLES;

--
-- Table structure for table `project_permissions`
--

DROP TABLE IF EXISTS `project_permissions`;
CREATE TABLE `project_permissions` (
  `id` int(11) NOT NULL auto_increment,
  `project_id` int(11) default NULL,
  `accessor_id` int(11) default NULL,
  `accessor_type` varchar(255) default NULL,
  PRIMARY KEY  (`id`)
) ENGINE=InnoDB DEFAULT CHARSET=latin1;

--
-- Dumping data for table `project_permissions`
--

LOCK TABLES `project_permissions` WRITE;
/*!40000 ALTER TABLE `project_permissions` DISABLE KEYS */;
INSERT INTO `project_permissions` VALUES (25,1,1,'User'),(26,1,2,'User'),(27,1,4,'User'),(28,1,5,'User'),(29,1,6,'User'),(30,1,7,'User'),(31,1,8,'User'),(32,1,10,'User'),(37,3,11,'User'),(38,4,1,'User'),(40,5,1,'User'),(41,5,8,'User'),(42,5,10,'User'),(44,6,1,'User'),(45,6,8,'User'),(46,7,8,'User'),(50,8,1,'User'),(51,8,8,'User'),(58,9,1,'Company'),(60,10,1,'User'),(61,10,8,'User'),(63,11,1,'User'),(64,11,8,'User');
/*!40000 ALTER TABLE `project_permissions` ENABLE KEYS */;
UNLOCK TABLES;

--
-- Table structure for table `projects`
--

DROP TABLE IF EXISTS `projects`;
CREATE TABLE `projects` (
  `id` int(11) NOT NULL auto_increment,
  `name` varchar(255) default NULL,
  PRIMARY KEY  (`id`)
) ENGINE=InnoDB DEFAULT CHARSET=latin1;

--
-- Dumping data for table `projects`
--

LOCK TABLES `projects` WRITE;
/*!40000 ALTER TABLE `projects` DISABLE KEYS */;
INSERT INTO `projects` VALUES (1,'strac'),(3,'AJAXify Transportation Management UI'),(4,'lwt authentication system'),(5,'wingnut'),(6,'psa'),(7,'westernsem.edu'),(8,'Tulipanes.org'),(9,'Global Challenge Award'),(10,'Bialas Properties'),(11,'Missional Discovery');
/*!40000 ALTER TABLE `projects` ENABLE KEYS */;
UNLOCK TABLES;

--
-- Table structure for table `schema_info`
--

DROP TABLE IF EXISTS `schema_info`;
CREATE TABLE `schema_info` (
  `version` int(11) default NULL
) ENGINE=MyISAM DEFAULT CHARSET=latin1;

--
-- Dumping data for table `schema_info`
--

LOCK TABLES `schema_info` WRITE;
/*!40000 ALTER TABLE `schema_info` DISABLE KEYS */;
INSERT INTO `schema_info` VALUES (30),(30),(30),(30),(30);
/*!40000 ALTER TABLE `schema_info` ENABLE KEYS */;
UNLOCK TABLES;

--
-- Table structure for table `statuses`
--

DROP TABLE IF EXISTS `statuses`;
CREATE TABLE `statuses` (
  `id` int(11) NOT NULL auto_increment,
  `name` varchar(255) default NULL,
  `color` varchar(255) default NULL,
  PRIMARY KEY  (`id`)
) ENGINE=InnoDB DEFAULT CHARSET=latin1;

--
-- Dumping data for table `statuses`
--

LOCK TABLES `statuses` WRITE;
/*!40000 ALTER TABLE `statuses` DISABLE KEYS */;
INSERT INTO `statuses` VALUES (1,'defined','blue'),(2,'in progress','yellow'),(3,'complete','green'),(4,'rejected','black'),(5,'blocked','red');
/*!40000 ALTER TABLE `statuses` ENABLE KEYS */;
UNLOCK TABLES;

--
-- Table structure for table `stories`
--

DROP TABLE IF EXISTS `stories`;
CREATE TABLE `stories` (
  `id` int(11) NOT NULL auto_increment,
  `summary` varchar(255) default NULL,
  `description` text,
  `points` int(11) default NULL,
  `position` int(11) default NULL,
  `iteration_id` int(11) default NULL,
  `project_id` int(11) default NULL,
  `responsible_party_id` int(11) default NULL,
  `responsible_party_type` varchar(255) default NULL,
  `status_id` int(11) default NULL,
  `priority_id` int(11) default NULL,
  PRIMARY KEY  (`id`)
) ENGINE=InnoDB DEFAULT CHARSET=latin1;

--
-- Dumping data for table `stories`
--

LOCK TABLES `stories` WRITE;
/*!40000 ALTER TABLE `stories` DISABLE KEYS */;
INSERT INTO `stories` VALUES (5,'CRUD Stories','Users should be able CRUD Stories.\n\nh3. Attributes:\n\n* summary, string\n* description, text\n* points, integer\n* position, integer\n* complete, boolean',2,0,1,1,1,'User',3,NULL),(6,'drag/drop reordering of stories','Stories should be able to be reordered by a drag/drop interface',2,1,1,1,1,'User',3,NULL),(7,'inplace editing of story point values','Users should be able to update the point value of a story in place in the listing page.',2,0,2,1,1,'User',3,NULL),(8,'CRUD Iterations','Users should be able to create iterations.\nIterations have start date, end date, and a name. \n\nQuestion: Should iterations be allowed to overlap?',2,2,2,1,1,'User',3,NULL),(9,'Link Stories/Iterations','Stories should be able to be assi\ngned to iterations. This should be optional.',1,3,2,1,1,'User',3,NULL),(10,'Textarea input should allow formatting','Some type of formatting should be added to text areas. This could be either a WYSIWYG or some type of formatting language like textile.\n\nh3. Sample Textile\n\n* item1\n* item2\n* item3\n\nWe have chosen textile.',1,5,2,1,2,'User',3,NULL),(11,'Add/edit/view stories from listing page','User should be able to add/edit/view stories from the listing page, rather than\nhaving to go to a separate page.',4,0,5,1,1,'User',3,NULL),(15,'Allow marking stories complete from listing','As a user, I would like to be able to click a check box from the listing page to mark a story complete.',1,1,2,1,1,'User',3,NULL),(16,'CRUD Projects','h3. Attributes:\n\n* name',2,0,3,1,1,'User',3,NULL),(17,'Link Projects/Iterations','',2,1,3,1,1,'User',3,NULL),(18,'Link Projects/Stories','Stories currently can belong to iterations. Stories should also belong to a project so that stories which are not yet placed into an iteration can be diaplayed',3,2,3,1,1,'User',3,NULL),(19,'CRUD Users','',2,3,3,1,1,'User',3,NULL),(20,'CRUD Companies','',2,1,5,1,1,'User',3,NULL),(21,'Link Users/Companies','',1,2,5,1,1,'User',3,NULL),(22,'Setup authentication','use lwt authentication system',2,4,3,1,1,'User',3,NULL),(23,'Allow stories to be assigned a responsibly party','This can be a company or a user.',3,3,5,1,1,'User',3,NULL),(24,'Add comments to stories','As a user I should be able to add a comment to a story so I can provide useful comments or suggestions for the story.\n\nh4. Acceptance Tests\n\nGiven that I\'ve logged in, navigated to an iteration, I should be able to view comments on a story by clicking on a comment icon in the story heading.\n\nGiven that I\'ve logged in, navigated to an iteration, and have clicked on the comment icon to view comments, I should be able to click on a add comment link to add a comment to the story.\n\n_I think we should keep this inline like the rest of the functionality in the site, rather than the popup --mark_',5,1,10,1,2,'User',3,7),(25,'CRUD files','Files should be able to be uploaded to a project. These should be versioned',3,18,NULL,1,NULL,NULL,1,NULL),(26,'Look into UJS','The story listing page is already looking cluttered with javascript. UJS should be seriously looked into. This would allow much cleaner html pages, as well as possible speed benefits from have lighterweight pages.',4,19,NULL,1,NULL,NULL,1,NULL),(27,'Allow stories to be tagged','Stroies should be able to be assigned tags. These should who up in the list page after the summary.',2,4,2,1,2,'User',3,NULL),(30,'Tag text fields should be auto completers','When typing in a tag text field, it should auto complete with tags that already exist in the system.',3,4,5,1,1,'User',3,NULL),(31,'Allow reordering of multiple items','It would be nice to be able to use ctl/shift to select multiple items to be dragged in a list\n\nsee \"example\":http://peter.michaux.ca/examples/yui-multiple-drag-with-proxy/yui-multiple-drag-with-proxy.html',8,14,NULL,1,NULL,NULL,1,NULL),(32,'Customer/Developer permissions','h2. Admin Group\n\n* CRUD Companies\n* CRUD Users\n* CRUD Project\n\nh2. Customer Admin Group\n\n* CRUD Companies Users\n\nh2. Developer Group\n\n* Nothing \n\nh2. Customer Group\n\n* Nothing\n',3,4,10,1,1,'User',3,NULL),(33,'Add time tracking','As a user, I want to add time entries to a story. When adding a time entry, a checkbox should exists which, when checked, would automatically complete the story.\n\nh4. Acceptance Tests\n\n* Given that I have logged in, selected a project, and navigated to a story, I want to be able to click the clock icon for that story and view the time entry screen. This screen should list all existing time entires for this story, and a form to enter new time entries.',8,10,NULL,1,1,'User',2,NULL),(34,'CRUD Channels','An administrator should be able to CRUD channels.\n\nh4. Attributes\n* name\n* button (swf)\n* position',2,1,4,2,NULL,NULL,3,NULL),(35,'Add static Categories','An administrator would like the static categories to include the following:\n\n* videos\n* cartoons',1,0,4,2,NULL,NULL,3,NULL),(50,'Update format of story listing','The story listing page should visually indicate whether a story is complete or incomplete.\n\nPoints should be displayed in a uniform location.\n\nImprove visual relationship between the story summary and the Show/Edit/Destroy links',3,2,1,1,1,'User',3,NULL),(51,'Display responsible party in story listing','As a developer I want to see the responsible party in the main story listing so I can quickly glance down the list and see how stories are assigned.',2,5,5,1,1,'User',3,NULL),(52,'Add status to stories','Stories should be able to have a status (defined, in progress, complete, rejected, blocked). This could replace the current \"complete\" attribute.',1,7,5,1,1,'User',3,NULL),(53,'CRUD Videos','An administrator should be able to crud videos.',4,2,4,2,NULL,NULL,3,NULL),(56,'When opening a story scroll the page','This should scroll smoothly with the blind down effect. If the scrolling would cause the top of the card to be hidden, restrict the scrolling so the top is always visible.',3,0,6,1,1,'User',3,NULL),(58,'Remove delete functionality.','',1,6,5,1,1,'User',3,NULL),(59,'Add priority categories','* High\n* Medium\n* Low',1,9,5,1,2,'User',3,NULL),(60,'Project Overview Activities List','A user should be able to see a project overview summary which lists today\'s and yesterday\'s happenings so that they can quickly identify what has recently occurred on the project.\n\nh4. Acceptance Tests:\n\n* A user should should log into the site and click \"Projects\" and be presented with a project overview which contains the latest happenings in a listed in descending order based on date/time. \n\n',1,2,6,1,1,'User',3,NULL),(61,'Project Activity Creation For Stories','A story should create a project activity record when a user takes the following actions so that the activities can be gathered and displayed on the the Project Overview page.\n\nh4. Activities\n\n* Story creation. Example: \"Mark has created a new story, \'story title\' \n* Story update. Example: \"Mark has updated the story, \'story title\'\n* Story status updates. Example(s):\n** Mark has taken the story, \'story title\'.\n** Mark has completed the story, \'story title\'.\n** Mark has rejected the story, \'story title\'.\n** Mark has blocked the story, \'story title\'.\n _(where \'story title\' is a link to the story in the above examples)_\n\n_All of these scenarios have been implemented and just need completed tests_',4,2,10,1,1,'User',3,NULL),(62,'Assign Story IDs','As a user I should be able to enter the Story ID into a story description and have it turn into a hyperlink of that story\'s summary when it is displayed so that I can easily navigate between stories.\n\nh4. Acceptance Tests\n\n* A user should be able to login, create or update a story and enter another story\'s id into it\'s description. Upon saving/updating the story and viewing it again they should see the story id turned into a hyperlink to the story it references.\n\n* A user should be able to login and create a story. Upon editing the story they should be able to see but not change the story id.\n\nh4. Notes\n\n* Stories should be indicated by typing the letter S followed by the id. ie: S23\n\n* Currently this takes the user to the default stories \"show\" page. \n',2,4,8,1,2,'User',3,3),(63,'Current Iteration View','As a user I should be able to see the current iteration, future iterations and the story backlog so that I can see my current workload, as well as future and unassigned workload on one page.\n\nh4. Acceptance Tests\n\n* Given that I\'ve logged in, chosen a project and navigated to the \"Current Iteration\" I should see the current iteration stories if there are no future iterations defined and there are no stories in the backlog.\n\n* Given that I\'ve logged in, chosen a project and navigated to the \"Current Iteration\" I should see the current iteration stories followed by the backlog, if there are no future iterations defined.\n\n* Given that I\'ve logged in, chosen a project and navigated to the \"Current Iteration\" I should see the current iteration stories followed by the future iteration stories, then followed the backlog if there are future iterationsdefined.',2,8,5,1,1,'User',3,NULL),(64,'Story Preview','As a user I should be able to preview the html version of a description before creating the story.\n\nh4. Acceptance Tests\n\nGiven that I\'ve logged in, chosen a project and navigated to the create (or editing of a) story I should be able to click on a preview button which allows me to see a html preview of my story description. \n\nThis pertains with S64',2,1,9,1,2,'User',3,NULL),(65,'Expand/Collapse Story Descriptions','As a user I want to be able to expand or collapse story description for a given iteration.\n\nh4. Acceptance Tests\n\n* Given that I\'ve logged in, chosen a project and am viewing an iteration listing I should be able to click on a \"Expand Stories\" link which expands every stories descriptions. The \"Expand Stories\" link should turn into \"Collapse Stories\".\n\n* Given that I\'ve logged in, chosen a project and am viewing an iteration listing and I\'ve selected the \"Expand Stories\" link I should be able to click on the \"Collapse Stories\" link to collapse all of the current story descriptions.  The \"Collapse Stories\" link should turn into \"Expand Stories\" ',NULL,11,NULL,1,NULL,NULL,1,NULL),(66,'Add name to iteration','',1,1,6,1,1,'User',3,NULL),(67,'Add Create Links To Each Iteration','As a user I want to be able to create a story by clicking a \"create\" link which is shown for each iteration.\n\nh4. Acceptance Tests\n\n* Given that I have logged in, chosen a project and am viewing an iterations list I should be able to see a \"create\" link next to each iteration heading which allows me to create a new story.',2,3,6,1,NULL,NULL,3,NULL),(68,'Stories, Shown As Notecard Like Divs','As a user I would like to be able to see stories shown as notecards.\n\n* _this is an alternative view to the current view_\n* _for reference see http://transparency.collectiveidea.com_\n',0,12,10,1,1,'User',4,NULL),(69,'Iteration Creation with Velocity','As a user I would like to see iteration velocity(ies) for the past iteration(s) so that I can make a better decision when choosing stories for the next iteration.\n\nh5. Iteration Velocities Computed\n\n* last weeks velocity (completed points)\n* the overall average velocity (completed points per iteration divided by number of iterations)\n\nh4. Acceptance Tests\n\nGiven that I\'ve logged in, chosen a project and am creating a new iteration I should see the iteration velocity(ies) on the page.  ',NULL,12,NULL,1,NULL,NULL,1,NULL),(70,'Add Priority Category Groups to Story Lists','As a user I want to be able to visually separate high, medium and low prioritized stories when I see a listing of stories so that I can easily tell what stories are what priority.\n\n_Acceptance tests need to be created, I don\'t know how I want to show the visual separation of prioritizations yet._',4,3,NULL,1,1,'User',1,NULL),(71,'Reorganize the Story  Fields','As a user I want to see the story summary above the story description when creating or updating a story so that I can see the steps in visual order to how they are typically created.\n\nh4. Acceptance Tests\n\n* Given that I\'ve logged in, chosen a project and am creating a story the Summary field should be focused, and it should be shown above the Description field. When I tab the focus should be moved to the description field, and then onto the other fields in visual order.\n\n* Given that I\'ve logged in, chosen a project and am updating a story the Summary field should be focused, and it should be shown above the Description field. When I tab the focus should be moved to the description field, and then onto the other fields in visual order.',1,11,9,1,1,'User',3,NULL),(72,'Add Take/Release To Stories','As a user I want to be able to \"take\" a story which assigns the story to me, and also \"release\" a story which assigns the story to \"anyone\" so that I can easily take responsibility and notify other developers of a story that I can working on.\n\nh4. Acceptance Tests\n\n* Given that I\'ve logged in, chosen a project and am viewing an iteration listing I should be able to \"Take\" a story by clicking on a \"Take\" link. The \"Take\" link should turn into a piece of text and a hyperlink. \"taken by Username\" and \"Release\".\n\n* Given that I\'ve logged in, chosen a project and am viewing an iteration listing I should be able to see the text  \"taken by User\" followed by the link \"Release\". I should be able to click on the link \"Release\" even if it was taken by another user to release the story. The link \"Take\" should be shown in it\'s place now.\n\n_The reason for allowing anyone to release/take a story is because it puts trust in the developers hands. If a developer leaves for the afternoon or is gone for a day and forgot to release a story that is not complete, it allows developers to not be hindered by that fact and they can release and re-take the story._\n\n This is complete pending the acceptance tests. Tests on the stories controller works for this.\n\n ',2,0,8,1,2,'User',3,3),(73,'Add basic navigation','This has been completed with the addition of the new layout.',3,9,9,1,1,'User',3,NULL),(74,'BUG: After editing stories, drag/drop breaks','After editing a story you can no longer use the dragbar to drag a story around.\n\n',1,3,9,1,1,'User',3,NULL),(75,'BUG: After creating story, form does not reset','This is fixed with revision 247. \n\nThe problem was that after editing a story and clicking update, the story would stay open in edit mode. Now it \"blinds\" up when you click Update.\n\nNotes:\n\n* This is not fixed. The problems that I reported this for was actually that when creating stories, and clicking \"create\" the create form should be reset to allow for quick creation of another story\n\n* Completed.',1,2,8,1,1,'User',3,NULL),(76,'Clean UI for create story form','',1,10,9,1,1,'User',3,NULL),(77,'Auto suggest creation of iterations','Iterations should not have a CRUD interface. Instead, when creating a project, the user should set the iterations length. Every time a user visits the \"current iteration\" page, if there is not iteration in the current date range, the user should be asked to create one. This should have an easy \"yes\" button which will create an iteration from the end of the last iteration, for the defined iteration length. There should be a \"yes, but...\" button which should allow the developer to quickly set the start date and iteration length/end date.\n\nRather than manually dragging stories into an iteration, they should be put into the current iteration when they are completed. The current iteration page will just show the backlogged stories.\n\n_should it also show the stories completed for this iteration_',6,9,NULL,1,1,'User',2,NULL),(78,'Close Story After \"Updating\" It','As a user I should see a story\'s editable form be closed after I click the Update button so that I can move onto the next story without an additional click.\n\nh4. Notes\n\n* This is in RJS. It is a visual thing so it isn\'t tested this point, but it is functioning from the user perspective.',1,1,8,1,2,'User',3,3),(79,'Add Create Story To Every Iteration Listing','As a user I should be able to create a story for any iteration that I am viewing so that I can create stories more easily with less clicks.',2,3,8,1,1,'User',3,NULL),(80,'Show Iteration Data in Iteration Header','There should be a few iteration statistics shown in the same line as the iteration date range line.\n\n* Planned Points\n* Completed Points\n* Points Remaining',NULL,0,10,1,2,'User',3,NULL),(81,'Add Iteration Budget To Iteration','As a user I should be able to specify the number of points budgeted for this iteration so that the data can be captured to show statistics for the iteration.\n\nh4. Acceptance Tests\n\nGiven that I\'ve logged in and am creating a new iteration I should be able to enter the number of points budgeted for the iteration.\n\nGiven that I\'ve logged in and am editing an iteration I should be able to edit/enter the number of points budgeted for the iteration.',NULL,4,9,1,2,'User',3,8),(82,'Show Iteration Statistics','As a user I should be able to see iteration statistics so I can easily tell how the iteration is progressing.\n\nh4. Acceptance Tests\n\nGiven that I\'ve logged in an am viewing an iteration I should be able to see the number of points budgeted, the number of points allocated (story point cumulative) and the number of points remaining (budget-allocated).',NULL,13,NULL,1,NULL,NULL,1,NULL),(88,'BUG: Current Iteration for a project blows up','If you try to go to the \'current iteration\' page for a project and there are no iterations, or no iterations which are currently active it will blow up.\n\nThis is no longer an issue, it has been fixed in recent revisions to the current iteration page.',0,5,9,1,1,'User',3,NULL),(89,'Update Story List UI to separate stories better','With the new UI stories are hard to differentiate. A border, shadow, etc would be nice to separate the stories.\n\n\nNote:\n\n* i committed some minor css updates for this. If this looks good to you Mark please feel free to close',1,2,9,1,2,'User',3,NULL),(90,'BUG: cannot drag story to iteration with no stories','It an iteration has no stories you cannot drag stories from the backlog or any other iteration to it.',1,5,NULL,1,1,'User',1,NULL),(91,'Add easier way to change story status','As a user I want to be able to click on a graphical icon to change the status of a story so that I can change the status of a story without having to open the story in edit mode.\n\nh4. Acceptance Tests\n\nGiven that I\'ve logged in and am viewing the current iteration list (or backlog) I should see a graphical icon representation of each possible story status. The selected status should be emphasized to show it\'s selected.\n\nGiven that I\'ve logged in and am viewing the current iteration list (or backlog) I should be able to click on an graphical icon on a collapsed story row to change it\'s status. ',3,8,9,1,1,'User',3,NULL),(92,'Make each activity a link','As a user when I should be able to click on a activity row to see story details.\n\nh4. Acceptance Tests\n\nGiven that I\'ve logged in and selected a project I should be able to click on a project activity row to be taken to the \"show\" page for that story.',1,7,9,1,1,'User',3,NULL),(93,'Move the dragging handle to the start of the icons','',1,6,9,1,1,'User',3,NULL),(94,'Include all gems in vendor/gems','To make it easier to deploy strac, unpack all necesary gems into the vendor directory. A technique to add these to the load path is described here: \n<a href=\"http://errtheblog.com/post/2120\">errtheblog</a>\n\nZach said something about possibly using piston to manage this as well.\n\nI tried running strac on a server, and had to work through figuring out that mocha and redcloth are both required plugins. Would be great if the app just included those right out of the box.',1,15,NULL,1,NULL,NULL,1,9),(95,'Project permissions','* When creating a project, the user who created it should be the only one given permission.\n* Any user with access to a project should be able to edit which users are allowed to access that project.\n* Any user with access to a project should be able to edit which companies are allowed to access that project.\n* Any user who belongs to a company with access to a project will be allowed to access that project\n\n_All of these scenarios have been implemented and just need completed tests_',3,3,10,1,1,'User',3,NULL),(96,'Move points on mini story to right of description','When a user sees a story row they see the \"Points: n\" first. If the points is moved (probably to the right of the description) it will allow the user to quickly scan each story row and see the most useful information first.',0,11,10,1,1,'User',4,NULL),(97,'Update responsible party dropdown','The responsible party dropdown should not include customers, only developers. Also, it should not include people who do not have access to the proejct.',2,0,NULL,1,1,'User',1,NULL),(98,'Clicking on a story should open the story in view only mode','As a user I should be able to click on a story header to open it in view only mode so I can view the story description with minimal mouse clicks or mouse movement.\n\nh4. Acceptance Tests\n\n* Given that I am viewing an iteration and I click on a story row (mini story) the story should expand to view-only mode.',0,10,10,1,1,'User',4,NULL),(99,'Clicking on a story in view only mode should open edit mode','As a user I should be able to click on a story in view only mode to have it change to edit mode so I can quickly edit a story with minimal amount of clicks and mouse movement.\n\nh4. Acceptance Tests\n\n* Given that  am viewing a story in an iteration in view only mode I should be able to click on the story (within the view-only mode div) and have the story close the view-only mode and open the edit mode.',0,9,10,1,1,'User',4,NULL),(100,'Add Cancel button to edit story','As a user I should see a cancel button on the edit story form so I can quickly cancel out of the story.\n\nNote: A cancel button is common for most forms and it has a bigger hit area then closing the story by clicking on one of the icons for the story, which would blind up the edit form. This will make the form more intuitive and accessible for a broader range of users.',1,0,9,1,1,'User',3,NULL),(101,'Add Arrows To Add Stories To Current Iteration','As a user I should be able to click on a graphical icon which moves the story to the current iteration so I can quickly move stories to the current iteration.\n\nh4. Acceptance Tests\n\n* Given that I\'ve logged in and am viewing an iteration list when I hover over a story row I should see a graphical icon show up on the left of the story, which when I click it, the story moves to the current iteration.\n\n* Given that I\'ve logged in and am viewing an iteration list when I hover over a story row I should see a graphical icon show up on the left of the story,  and when I move the mouse to no longer hover over that story the graphical icon should disappear.\n\nh4. Notes\n\n* the graphic could be a large arrow. \n* the graphic appearing/disappearing is similar to how basecamp shows/hides it\'s edit/delete links on todo lists',NULL,16,NULL,1,NULL,NULL,1,NULL),(102,'Add Arrows to Add Stories to Backlog','As a user when I am viewing the current iteration I should be able to click on a graphical icon which moves the story to the backlog so I can quickly move stories from the current iteration to the backlog.\n\nh4. Acceptance Tests\n\n* Given that I\'ve logged in and am viewing the current iteration list when I hover over a story row I should see a graphical icon show up on the left of the story, which when I click it, the story moves to the backlog.\n\n* Given that I\'ve logged in and am viewing the iteration list when I hover over a story row I should see a graphical icon show up on the left of the story,  and when I move the mouse to no longer hover over that story the graphical icon should disappear.\n\nh4. Notes\n\n* the graphic could be a large down arrow. \n* the graphic appearing/disappearing is similar to how basecamp shows/hides it\'s edit/delete links on todo lists',NULL,17,NULL,1,NULL,NULL,1,NULL),(103,'Project Activity Creation For Comments','When a comment is added, an activity should be created.',1,8,10,1,1,'User',3,NULL),(104,'Link Activity to affected object','',1,7,10,1,1,'User',3,NULL),(105,'Add email notification for comments','',NULL,8,NULL,1,NULL,NULL,1,NULL),(106,'add ability to edit profile','',2,1,NULL,1,NULL,NULL,1,NULL),(107,'Do not clear iteratin dropdown when creating story','After creating a story, the form\'s iteration dropdown should not be cleared.',1,5,10,1,1,'User',3,7),(108,'Add user preferences','',NULL,7,NULL,1,NULL,NULL,1,NULL),(109,'Fix create story cancel link','After creating a story on an iteration, the _cancel_ link breaks.',1,6,10,1,1,'User',3,7),(110,'Redo line item layout','This could be a table layout with sorting/filtering',4,2,NULL,1,NULL,NULL,1,NULL),(111,'add legend for dots','',1,6,NULL,1,NULL,NULL,1,NULL),(112,'Add SVN integration','',NULL,20,NULL,1,NULL,NULL,1,NULL),(113,'Add RSS feeds','For what?',NULL,21,NULL,1,NULL,NULL,1,NULL),(114,'Add Charts','',NULL,22,NULL,1,NULL,NULL,1,NULL),(115,'Show \"who is on this project\"','',1,0,NULL,1,NULL,NULL,1,NULL),(116,'Add warning logging for non existent privilege in development mode','',NULL,1,11,4,1,'User',NULL,NULL),(117,'Hosted user/signup/invite system','',6,0,NULL,1,NULL,NULL,1,NULL),(118,'Create initial Master Admin account','As a Master Admin, I would like an initial Master Admin account to be created.',1,0,13,5,NULL,NULL,3,NULL),(119,'Master Admin can CRUD Master Admin accounts','As a Master Admin, I want to CRUD other Master Admin accounts.\n\nh4. Attributes\n\n* name\n* email\n* username\n* password\n* group',2,9,13,5,NULL,NULL,3,NULL),(120,'Add login functionality for Master Admin accounts','As a Master Admin, I want to login to the application',1,1,13,5,NULL,NULL,3,NULL),(121,'Master Admin can CRUD Affilitate Admin accounts','As an Master Admin, I want to CRUD other Affiliate administrators, so that partners and affiliates can manage accounts themselves.\n\nh4. Attributes\n\n* name\n* email\n* username\n* password\n* group',2,10,13,5,NULL,NULL,3,NULL),(122,'Add logout functionality for Master Admin accounts','As a Master Admin, I want to logout of the application.',1,2,13,5,NULL,NULL,3,NULL),(124,'Request forgot password email for Master Admins','As a Master Admin, I want to be able to be able to request a link by email to reset a lost password.',1,14,14,5,NULL,NULL,3,NULL),(125,'Master Admin can CRUD \"billing plans\"','As an administrator, I want to to CRUD \"billing plans\"\n\nh4. Attributes\n\n* Name',2,11,17,5,NULL,NULL,3,NULL),(126,'Send forgot password email for Master Admins','As the application, I should sent emails to Master Admins who request an email to reset a lost password.',2,18,14,5,NULL,NULL,3,NULL),(127,'Master Admin can CRUD \"service leads\"','As an administrator, I want to be able to CRUD \"service leads\"\n\nNote: Need more information',2,13,17,5,NULL,NULL,3,NULL),(128,'Reset password for Master Admins','As a Master Admin, I want to be able to click the link received in the requested email and reset my password without logging in.',1,22,14,5,NULL,NULL,3,NULL),(129,'Master Admin can CRUD \"sales leads\"','As an administrator, I want to CRUD \"sales leads.\"\n\nNote: need more info',2,15,17,5,NULL,NULL,3,NULL),(130,'CRUD user roles as Master Admin','As a Master Admin, I want to CRUD user roles. This would include what permission objects are standard for each role',8,12,17,5,NULL,NULL,4,NULL),(131,'Master Admin can CRUD \"permission objects\"','As an administrator, I want to be able to CRUD \"permission objects.\"\n\nNote: need more information.',8,1,NULL,5,NULL,NULL,NULL,NULL),(132,'Add login functionality for Affiliate Admin accounts','As a Affiliate Admin, I want to login to the application',1,3,13,5,NULL,NULL,3,NULL),(133,'Affliate Admins can CRUD \"sales leads\"','As an affiliate admin, I want to be able to CRUD \"sale leads.\"',2,16,17,5,NULL,NULL,3,NULL),(134,'Add logout functionality for Affiliate Admin accounts','As a Affiliate Admin, I want to logout of the application.',1,4,13,5,NULL,NULL,3,NULL),(135,'Affliate Admins can CRUD \"service leads\"','As an affiliate admin, I want to be able to CRUD \"service leads.\"',2,14,17,5,NULL,NULL,3,NULL),(137,'Request forgot password email for Affiliate Admins','As a Affiliate Admin, I want to be able to be able to request a link by email to reset a lost password.',1,15,14,5,NULL,NULL,3,NULL),(139,'Master Admin can CRUD \"Account Admins\"','As a Master Admin, I want to be able to CRUD Account Admins.',2,0,14,5,NULL,NULL,3,NULL),(140,'Affiliate Admin can CRUD Account Admins','As an affiliate admin, I want to be able to CRUD Account Admins.\n',2,2,14,5,NULL,NULL,3,NULL),(141,'Send email to new Account Admins','As an Master Admin, I want an email to be sent to new Account Admins so that they can confirm their accountl.',2,6,17,5,NULL,NULL,3,NULL),(144,'Account Admin can input additional information','As an Account Admin, I want to be able to input additional information after I have confirmed my account.\n\nh4. Attributes\n\n* First Name\n* Last Name\n* Desired Username\n* Password\n* Industry\n* Organization Size',2,4,17,5,NULL,NULL,3,NULL),(145,'Send email to Devine Group when Account Admins are added','As the Devine Group, I would like to receive an email when new Account Admin\'s are added.\n\nThis email should be sent to all@devinegroup.com.',1,8,17,5,NULL,NULL,3,NULL),(147,'Master Admins can search all users','As a Master Admin, I want to be able to search/filter users.\n\n\n* Pagination\n* Filterable Columns\n** Organization Name\n** Status\n** Billing Plan\n** Role\n* Display Columns\n** First Name\n** Last Name\n** Username\n** Status\n** Role\n** Billing Plan\n',5,10,14,5,NULL,NULL,3,NULL),(148,'Affiliate Admin can search Account Admins and Users','As an affiliate admin, I want to be able to search for Account Admins and Users\n\n* Pagination\n* Filterable Columns\n** Organization Name\n** Status\n** Billing Plan\n** Role\n* Display Columns\n** First Name\n** Last Name\n** Username\n** Status\n** Role\n** Billing Plan\n',5,11,14,5,NULL,NULL,3,NULL),(149,'Acct Admin can login','As an account admin, I want to be able to login',1,5,13,5,NULL,NULL,3,NULL),(150,'Acct Admin can logout','As an account admin, I want to be able to logout',1,6,13,5,NULL,NULL,3,NULL),(151,'Account Admin can crud Users','As an Account Admin, I want to be able to CRUD users.',2,4,14,5,NULL,NULL,3,NULL),(152,'Account Admin can reset their password in the admin area','As an account admin, I want to be able to change/reset my password, while I\'m logged in through the admin interface.',1,2,17,5,NULL,NULL,3,NULL),(153,'Account Admins can search Users','As an Account Admin, I want to search/filter users.\n\n* Pagination\n* Filterable Columns\n** Organization Name\n** Status\n** Billing Plan\n** Role\n* Display Columns\n** First Name\n** Last Name\n** Username\n** Status\n** Role\n** Billing Plan\n',5,12,14,5,NULL,NULL,3,NULL),(154,'Request forgot password email for Account Admins','As a Account Admin, I want to be able to be able to request a link by email to reset a lost password.',1,16,14,5,NULL,NULL,3,NULL),(155,'Send email to new Users','As an Account Admin, I want an email to be sent to new Users so that they can confirm their account.',2,7,17,5,NULL,NULL,3,NULL),(156,'User can input additional information','As a User, I want to be able to input additional information after I have confirmed my account.\n\nh4. Attributes\n\n* First Name\n* Last Name\n* Desired Username\n* Password',2,5,17,5,NULL,NULL,3,NULL),(157,'Send forgot password email for Account Admins','As the application, I should sent emails to Account Admins who request an email to reset a lost password.',2,20,14,5,NULL,NULL,3,NULL),(158,'Email Account Admin when User confirms account','As an Account Admin, I want to receive an email when a User confirms their account.',1,0,NULL,5,NULL,NULL,NULL,NULL),(160,'User can login','As an user, I want to be able to login',1,7,13,5,NULL,NULL,3,NULL),(161,'Reassign records when deleting user','As an Account Admin, when a User account is destroyed, the records should be reassigned to another user.',8,2,NULL,5,NULL,NULL,NULL,NULL),(162,'User can logout','As a user, I want to be able to logout',1,8,13,5,NULL,NULL,3,NULL),(163,'Reset password for Users','As a User, I want to be able to click the link received in the requested email and reset my password without logging in.',1,25,14,5,NULL,NULL,3,NULL),(164,'Request forgot password email for Users','As a user, I want to be able to be able to request a link by email to reset a lost password.',1,17,14,5,NULL,NULL,3,NULL),(165,'Allow Master Admin to login as a User','As a Master Admin, I want to be able to login as any User so that I can provide support. This would be implemented by being able to search Users and click a link which simulates logging in as them.',3,10,17,5,NULL,NULL,3,NULL),(166,'Allow Affiliate Admin to login as a User','As an Affiliate Admin, I want to be able to login as any User so that I can provide support. This would be implemented by being able to search Users and click a link which simulates logging in as them.',3,9,17,5,NULL,NULL,3,NULL),(167,'User can reset their password in the admin area','As an account admin, I want to be able to change/reset my password, while Im logged in through the admin interface.',1,3,17,5,NULL,NULL,3,NULL),(168,'Send forgot password email for Afilliate Admins','As the application, I should sent emails to Affiliate Admins who request an email to reset a lost password.',2,19,14,5,NULL,NULL,3,NULL),(169,'Master Admin can reset their password in the admin area','As a Master Admin, I want to be able to reset my password in the admin area.',1,0,17,5,NULL,NULL,3,NULL),(170,'Affiliate Admin can reset their password in the admin area','As a Affiliate Admin, I want to be able to reset my password in the admin area.',1,1,17,5,NULL,NULL,3,NULL),(171,'Add project summary on sidebar','The sidebar should include a project summary. The following stats should be displayed:\n\n* Total Points\n* Completed Points\n* Remaining Points\n* Completed Iterations\n* Average Velocity\n* Estimated Remaining Iterations\n* Estimated Completion Date\n\n_How should unestimated stories be handled?_',3,5,NULL,1,1,'User',2,NULL),(172,'Add Single Story Page','As a user I should be able to view a story on a page by itself so I can quickly navigate to a specific story from another part of the site.\n\n',1,4,NULL,1,2,'User',2,8),(173,'CRUD Seminars','As an admin, I want to CRUD Seminars\n\nh4. Attributes\n\n* location\n* speaker\n* topic\n* description\n* datetime\n* contact/organizer\n',NULL,11,NULL,6,NULL,NULL,NULL,NULL),(174,'Signup for seminars','As a user, I want to signup to attend seminars via an online form. I would like a confirmation page to review my selections.\n\nh4. Attributes\n\n* first name\n* last name\n* gender\n* address\n* city\n* state\n* zip\n* phone\n* email\n* prefer to be contacted by (phone, email, mail)\n* month of seminary to attend\n** _change to list of seminars_\n* How did hear about the seminar\n** AOL\n** MSN\n** Yahoo\n** Google\n** PSA staff members\n** Associate/friend\n** Phonebook / Yellow pages\n** Radio / TV\n** Advance Newspaper\n** Grand Rapids Newspaper\n** Another website\n** Other\n* Questions / Comments\n* Add to mailing list',NULL,12,NULL,6,NULL,NULL,NULL,NULL),(175,'CRUD surverys','As an admin, I want CRUD surveys so that seminar attendees can be invited to take them.\n',NULL,13,NULL,6,NULL,NULL,NULL,NULL),(176,'Take online survey','As a seminar attendee, I want to take an online survey so that I can give my response to the seminar organizer.',NULL,14,NULL,6,NULL,NULL,NULL,NULL),(177,'Retrieve providers from Misys','As an admin, I would like to be able to view the providers in the Misys system so that I do not have to duplicate entry of them.',NULL,0,NULL,6,NULL,NULL,NULL,NULL),(178,'Retrieve procedures from Misys','As an admin, I would like to be able to view the procedures in the Misys system so that I do not have to duplicate entry of them.',NULL,0,NULL,6,NULL,NULL,NULL,NULL),(179,'Retrieve products from Misys','As an admin, I would like to be able to view the products in the Misys system so that I do not have to duplicate entry of them.',NULL,0,NULL,6,NULL,NULL,NULL,NULL),(180,'Retrieve patient demographics from Misys','As an admin, I would like to be able to view the patient demographics in the Misys system so that I do not have to duplicate entry of them.',NULL,1,NULL,6,NULL,NULL,NULL,NULL),(181,'Retrieve patient procedures from Misys','As an admin, I would like to be able to view the patient procedures in the Misys system so that I do not have to duplicate entry of them.',NULL,2,NULL,6,NULL,NULL,NULL,NULL),(182,'Retrieve patient products from Misys','As an admin, I would like to be able to view the patient products in the Misys system so that I do not have to duplicate entry of them.',NULL,3,NULL,6,NULL,NULL,NULL,NULL),(183,'Reporting tool - query interface','As an admin, I want to be able to query my data by the following criteria:\n\n* Procedures\n** Date rages\n* Consultations\n** Date rages\n* Product Purchases\n** Date rages\n* Providers\n* Birthday\n** Date rages\n* Zip code\n* gender\n* age\n* seminars\n* mailing list\n\nh4. Other Ideas\n\nOther fields which could be in the query interface would include all fields include in patient information.',NULL,4,NULL,6,NULL,NULL,NULL,NULL),(184,'Reporting tool - save searches','As an admin, I want to be able to save a set of criteria so that I can easily recall that report at a later date.',NULL,5,NULL,6,NULL,NULL,NULL,NULL),(185,'Reporting tool - results interface','As an admin, I want to be able to customize the fields displayed in the results interface.\n\n_What columns?_',NULL,5,NULL,6,NULL,NULL,NULL,NULL),(186,'Reporting tool - export results','As an admin, I want to be able to export report results to an excel compatible format.\n\nh4. Formats\n\n* CSV',NULL,6,NULL,6,NULL,NULL,NULL,NULL),(187,'Reporting tool - results summary','As an admin, I want to see summary of the report.\n\n_What summary information?_',NULL,7,NULL,6,NULL,NULL,NULL,NULL),(188,'Reporting tool - results sorting','As an admin, I want to be able to sort the results by any field, ascending and descending.',NULL,8,NULL,6,NULL,NULL,NULL,NULL),(189,'Reporting tool - duplicate results','As an admin, I do not want duplicate results to be displayed in the report. (eg. A patient should only show up once on the results page.)',NULL,9,NULL,6,NULL,NULL,NULL,NULL),(190,'Reporting tool - results grouping','As an admin, I want to group results by any field.',NULL,10,NULL,6,NULL,NULL,NULL,NULL),(191,'Add notes to patients','As an admin, I want to be able to add notes to patients so that I can keep track of conversations and actions associated with the user.\n\nh4. Attributes\n\n* Date\n* Body',NULL,15,NULL,6,NULL,NULL,NULL,NULL),(192,'Quoting Tool','As an admin, I would like to create quotes for patients.\n\n* _Talk with Dionel about how she currently quotes patients_\n* _She would like to be able to break down the surgical procedures by line item_',NULL,16,NULL,6,NULL,NULL,NULL,NULL),(193,'Forward email to create notes','As an admin, I want to be able to forward emails to the system so that it can be captured as a note automatically without having to enter it manually in the system.',NULL,17,NULL,6,NULL,NULL,NULL,NULL),(194,'Retrieve surgery scheduling notes from MiSys','As an admin, I want to retrieve the surgery scheduling notes so that I can view patient information while I communicate with them.',NULL,18,NULL,6,NULL,NULL,NULL,NULL),(195,'Customer worthy printable view of the stories','As a user, I want to be able to print the stories within a single iteration or all the stories in a format that is presentable to the client/customer.',NULL,23,NULL,1,NULL,NULL,NULL,NULL),(196,'Generate user unit test','',NULL,2,11,4,NULL,NULL,NULL,NULL),(197,'Fix model loading issues','',NULL,3,11,4,NULL,NULL,NULL,NULL),(198,'Master Admin can CRUD User accounts','As a Master Admin, I want to be able to CRUD User accounts\n',2,1,14,5,NULL,NULL,3,NULL),(199,'Affiliate Admin can CRUD User accounts','As an Affiliate Admin, I want to be able to CRUD User accounts',2,3,14,5,NULL,NULL,3,NULL),(200,'Add ability to clone story','',NULL,68,NULL,1,NULL,NULL,NULL,NULL),(201,'Add ability to mass create stories','',NULL,69,NULL,1,NULL,NULL,NULL,NULL),(202,'Version stories','',NULL,70,NULL,1,NULL,NULL,NULL,NULL),(203,'Customizable grouping','',NULL,71,NULL,1,NULL,NULL,NULL,NULL),(204,'Ability to edit story properties in bulk','Tag, Iteration, status, etc...',NULL,72,NULL,1,NULL,NULL,NULL,NULL),(205,'Cuztomizable story fields','',NULL,73,NULL,1,NULL,NULL,NULL,NULL),(206,'Master Admin can CRUD Organizations','As a Master Admin, I want to create Organizations.\n\nh4. Attributes\n\n* Name\n* Account Billing Plan\n* Service Lead\n* Sales Lead\n* Estimated Annual Revenue\n* Size\n* Industry\n* Client Administrative User Email Address\n* Parent Organization',2,5,14,5,NULL,NULL,3,NULL),(207,'Affiliate Admin can CRUD Organizations','As an Affiliate Admin, I want to create Organizations.\n\nh4. Attributes\n\n* Name\n* Account Billing Plan\n* Service Lead\n* Sales Lead\n* Estimated Annual Revenue\n* Size\n* Industry\n* Client Administrative User Email Address\n* Parent Organization',2,6,14,5,NULL,NULL,3,NULL),(208,'Master Admin can assign user to any Organization','As a Master Admin I want to be able to assign a user I create to and organization',1,7,14,5,NULL,NULL,3,NULL),(209,'Affiliate Admin can assign user to Organization','As a Master Admin I want to be able to assign a user I create to any organization which my organization created',1,8,14,5,NULL,NULL,3,NULL),(210,'Account Admin can assign user to own Organization','As a Account Admin I want to be able to assign a user I create to my organization',1,9,14,5,NULL,NULL,3,NULL),(211,'Add ability to assign status to users','Initial set of statuses should include:\n\n* Active\n* Inactive',2,13,14,5,NULL,NULL,3,NULL),(212,'Film Template','* Times & Venues\n* Tulipanes Award Winner\n* Director\n* Producer\n* Screenwriter\n* Cinematographer\n* Editor\n* Year\n* Country\n* Category\n* Rating\n* Length\n* Website\n* Cost',NULL,0,18,8,NULL,NULL,3,NULL),(213,'Art Template','* Times & Venues\n* Website\n* Cost',NULL,1,18,8,NULL,NULL,3,NULL),(214,'Music Template','* Times & Venues\n* Country\n* Category\n* Length\n* Website\n* Cost',NULL,2,18,8,NULL,NULL,3,NULL),(215,'Dance Template','* Times & Venues\n* Category\n* Website\n* Cost',NULL,3,18,8,NULL,NULL,3,NULL),(216,'Other Events','* Times & Venues\n* Country\n* Website\n* Cost\n',NULL,4,18,8,NULL,NULL,3,NULL),(217,'Calendar/Events Templates/Styles','',NULL,5,18,8,NULL,NULL,3,NULL),(218,'Layout/Color Scheme','',NULL,6,18,8,NULL,NULL,3,NULL),(219,'Node Access by Role','As an admin, I want to limit which pages can be edited by which group the user is in so that different departments can maintain their own section of the website.',NULL,81,NULL,7,NULL,NULL,NULL,NULL),(220,'Blogs','* Create blog template\n* Seup Blogs for specific users',NULL,82,NULL,7,NULL,NULL,NULL,NULL),(221,'News & Events','* Create news and events view and content type',NULL,83,NULL,7,NULL,NULL,NULL,NULL),(222,'Venues Page under About','',NULL,7,18,8,NULL,NULL,3,NULL),(223,'Advisory board & staff under About ','',NULL,8,18,8,NULL,NULL,3,NULL),(224,'Press Section','',NULL,9,18,8,NULL,NULL,3,NULL),(225,'Sponsor Page','',NULL,10,18,8,NULL,NULL,3,NULL),(226,'Sponsor Block','should be white',NULL,11,18,8,NULL,NULL,3,NULL),(227,'Send forgot password email for Users','As the application, I should sent emails to Users who request an email to reset a lost password.',2,21,14,5,NULL,NULL,3,NULL),(228,'Reset password for Account Admins','As a Account Admin, I want to be able to click the link received in the requested email and reset my password without logging in.',2,24,14,5,NULL,NULL,3,NULL),(229,'Reset password for Affiliate Admins','As a Affiliate Admin, I want to be able to click the link received in the requested email and reset my password without logging in.',1,23,14,5,NULL,NULL,3,NULL),(230,'Validate Users via .NET webservice call','As the system, I should send validation requests to .NET to determine whether or not a record is valid when creating/updating records.',4,0,20,5,NULL,NULL,3,NULL),(231,'Validate Organizations via .NET webservice call','As the system, I should send validation requests to .NET to determine whether or not a record is valid when creating/updating records.',4,1,20,5,NULL,NULL,3,NULL),(232,'Push new User to .NET via webservice call','As the system, I should send requests to the .NET system when creating Users.',2,3,20,5,NULL,NULL,3,NULL),(233,'Push new Organization to .NET via webservice call','As the system, I should send requests to the .NET system when creating Organization.',2,4,20,5,NULL,NULL,3,NULL),(234,'CRUD Subjects','As the .NET application, I would like to be able to CRUD subjects via a REST interface.\n\nh4. Attributes\n\n* organization_id\n* user_id\n* first_name\n* last_name\n* completed_at',2,2,20,5,NULL,NULL,3,NULL),(235,'Search Subjects','* Users (any role) can view subject associated to their account (via user_id)\n* Users can sort the results by any column heading\n* Users can search the result via single text field\n* Users can filter results by restricting completed_at to a specific date range',4,7,20,5,NULL,NULL,3,NULL),(236,'.NET SOAP calls should utilize http basic auth','As the .NET application, I would like to be able to authenticate to the Rails application via http basic authentication. ',4,8,20,5,NULL,NULL,3,NULL),(237,'Delete User from .NET when deleted from Rails','',2,5,20,5,NULL,NULL,3,NULL),(238,'Delete Organization from .NET when deleted from Rails','',2,6,20,5,NULL,NULL,3,NULL),(239,'Job Models','As the .NET system, I want to CRUD Job Models via a REST interface.\n\nh4. Attributes\n\n* organization\n* name\n* methodology (JRS, VALIDATION, LIBRARY)\n* status (INACTIVE, UNDER DEVELOPMENT, ACTIVE)\n* created_on',2,0,21,5,NULL,NULL,3,NULL),(240,'Job Model Factors','As the .NET system, I want to CRUD Job Model Factors via a REST interface.\n\nThis should be implemented as a tree.\n\nh4. Attributes\n\n* job_model_id\n* name\n* parent_id',2,1,21,5,NULL,NULL,3,NULL),(241,'Add job_model_id and rec_level to Subjects','As the .NET system I want Subjects to belong to a Job Model and have a rec_level.\n\nh4. Attributes\n\n* job_model_id\n* rec_level (NON-REC, COND-REC, REC, HIGH-REC)',1,2,21,5,NULL,NULL,3,NULL),(242,'Revisit Privileges','Functional tests are getting large and harder to test... this is because I need to test for each role... I need to update this to test for certain privs... then write tests to verify role have certain privs?\n\nOnce doing this, the privs for subjects, job_models, and job_model_factors need to be refreshed.',8,4,21,5,NULL,NULL,3,NULL),(243,'Subject Scores','As the .NET system, I want to CRUD Subject Scores via a REST interface.\n\nh4. Attributes\n\n* subject_id\n* job_model_factor_id\n* score',2,3,21,5,NULL,NULL,3,NULL),(244,'UI for Job Models','Users should be able to see job models for their organization.\n\nAdmins can see all job models for their organization + child organizations\n',NULL,5,21,5,NULL,NULL,3,NULL),(245,'Login','A user can login',1,2,22,9,NULL,NULL,3,NULL),(246,'Logout','A user can logout',1,1,22,9,NULL,NULL,3,NULL),(247,'Registration','A user can register for an account\n\n* name\n* email\n* password\n* address\n* interests (optional)\n* image (optional)\n',2,0,23,9,NULL,NULL,3,NULL),(248,'Profile','A user can edit their profile\n\n* name\n* email\n* city\n* country\n* geographical location(Address)\n* image\n* interests',2,1,23,9,NULL,NULL,3,NULL),(249,'Invitations','As a Country Team owner, I want to send invitations to registered or unregistered users.',8,1,NULL,9,NULL,NULL,NULL,NULL),(250,'Membership Requests','As a registered user, I want to submit a membership request to one or more open country teams. Email the team owner when membership requests are created.',1,14,23,9,NULL,NULL,3,NULL),(251,'Search for registered users','As a user, I want to be able to search for other registered users based on user attributes, interests, and geographic location.\n\nThis includes mapping functionality.',20,2,NULL,9,NULL,NULL,NULL,NULL),(252,'Search for country teams','As a international team owner, I want to search for open country teams.',3,3,NULL,9,NULL,NULL,NULL,NULL),(253,'Search for international teams','As a user, I want to search for international teams.',3,4,NULL,9,NULL,NULL,NULL,NULL),(254,'Custom Content','As an administrator, I want to be able to create custom content pages that registered users can view on the website.',13,0,22,9,NULL,NULL,4,NULL),(255,'User management','As an admin, I want to CRUD users.',2,2,23,9,NULL,NULL,3,NULL),(256,'Archive Inactive Project','As a admin, I want to flag a project as inactive and archive the project so that it does not get listed in the dashboard or project section.  I do want the ability to view old/archived projects and re-enable them.',NULL,95,NULL,1,NULL,NULL,NULL,NULL),(257,'Admin Area','As an admin, I want an administrative area where we can view and manage the web site.',NULL,96,NULL,10,NULL,NULL,NULL,NULL),(258,'Sign Up for Account','As an admin, I want users to sign up for an account to use the website so that only authorized users can list properties.',NULL,97,NULL,10,NULL,NULL,NULL,NULL),(259,'Public Access','As an Admin, I want non-authenticated users to be able to navigate and view listings and access certain areas without authentication.',NULL,98,NULL,10,NULL,NULL,NULL,NULL),(260,'List a Property','As a lister, I want to be able to CRUD a property for people to view and contact me about the property.\n\n* Description\n* Address\n* Price\n* Images\n\n* Deactive/Unavailable/Unpublish',NULL,99,NULL,10,NULL,NULL,NULL,NULL),(261,'Search & Sort listings','As a renter/buyer, I want to be able to search and sort properties based on\n\n* geography\n* region\n* price\n* metadata\n* etc',NULL,100,NULL,10,NULL,NULL,NULL,NULL),(262,'View the property on a map','As a renter/buyer, I want to view properties on a map.',NULL,101,NULL,10,NULL,NULL,NULL,NULL),(263,'View properties within a certain area from an address','As a renter/buyer, I want to get a listing of all the properties within a certain area searched by an address.\n\nThe user types an address in the search field and is presented with a list of available properties within a 5 mile radius.\n\nSearch by address\nSearch by zipcode\nSearch by school district\n',NULL,102,NULL,10,NULL,NULL,NULL,NULL),(264,'Offer local information to buyers/renters','As a buyer/renter, I want to be able to get information about the region/area.\n\n* School districts\n* Colleges\n* Major Shopping centers\n* Hospitals\n* Churches\n* Entertainment',NULL,103,NULL,10,NULL,NULL,NULL,NULL),(265,'Browse for properties','As a renter/buyer, I want to be able to browse listings through a directory style listing.\n\n* List states -> Cities\n* Show U.S. Map',NULL,104,NULL,10,NULL,NULL,NULL,NULL),(266,'List Properties with foreign addresses','As an admin, I want to be able to support listing international properties and the ability to browse and view those listings.',NULL,105,NULL,10,NULL,NULL,NULL,NULL),(267,'Batch Uploads','As a lister, I want to be able to batch upload multiple properties so that I don\'t have to enter the properties one by one.',NULL,106,NULL,10,NULL,NULL,NULL,NULL),(268,'Store listing on the website/account','As a lister, I want to be able to flag a property as not available and not delete it from the website so that I can reuse the listing next year when the properties becomes available again. ',NULL,107,NULL,10,NULL,NULL,NULL,NULL),(269,'Listing Timeframes','As a lister, I want to be able to specify how long I want to list the property.  After the specified period, I want the property to be automatically unlisted, but not deleted.\n\n* 1 Month\n* 3 Months\n* 6 Months\n* 9 Months\n* 12 Months/1 Year\n\n',NULL,108,NULL,10,NULL,NULL,NULL,NULL),(270,'Lister is notified through SMS','I want to be notified of a potential buyer/renter, communication through SMS.',NULL,109,NULL,10,NULL,NULL,NULL,NULL),(271,'Buyer is notified through SMS','As a buyer, I want to be able to keep track of new listings through SMS.',NULL,110,NULL,10,NULL,NULL,NULL,NULL),(272,'Prospect Advertisement','As an buyer/investor, I want to be able to list what I\'m looking for in a specific region, price range and type of property.',NULL,111,NULL,10,NULL,NULL,NULL,NULL),(273,'Email Notification','As a user, I want to be notified of activities on the website through email.',NULL,112,NULL,10,NULL,NULL,NULL,NULL),(274,'Saved Search/Notification','As a user, I want to save a search filter and be notified of new properties that fit that criteria through SMS, Email or through the website.',NULL,113,NULL,10,NULL,NULL,NULL,NULL),(275,'Communcation through website','As a user, I want to contact and communicate with another user through the website.',NULL,114,NULL,10,NULL,NULL,NULL,NULL),(276,'RSS feeds','As a user, I want to subscribe to an authenticated RSS feed of save search filters or provided listings.',NULL,115,NULL,10,NULL,NULL,NULL,NULL),(277,'Property Types','* Commercial\n* Raw land\n* Home owners\n* Rentals\n* Vacation Properties/Timeshares\n* Condominiums\n* Business - actual business\n* College rentals/properties\n',NULL,116,NULL,10,NULL,NULL,NULL,NULL),(278,'Reports','As an admin, I want to be able to view simple reports about the web site\n\n* Hits/Visitors\n* Average house prices\n* Duration of listings\n\nThe reporting should be detailed enough to resell to marketing firms.',NULL,117,NULL,10,NULL,NULL,NULL,NULL),(279,'Referral Program','As an admin, I want to reward referrals so that I can quickly recruit marketing/sales force.',NULL,118,NULL,10,NULL,NULL,NULL,NULL),(280,'CRUD Users','As an admin, I want to be able to CRUD users.',NULL,119,NULL,10,NULL,NULL,NULL,NULL),(281,'CRUD Roles','As an admin, I want to be able to CRUD roles and assign roles to users.',NULL,120,NULL,10,NULL,NULL,NULL,NULL),(282,'Online Transactions','As an admin, I want to be able to receive online payments.',NULL,121,NULL,10,NULL,NULL,NULL,NULL),(283,'Discounts/Coupons','As an admin, I want to be able to provide discounts/coupons that users can use when listing properties for a discount.',NULL,122,NULL,10,NULL,NULL,NULL,NULL),(284,'National Listing','As an admin, I want to be able users to list properties any where within the 50 U.S. states.',NULL,123,NULL,10,NULL,NULL,NULL,NULL),(285,'Indicate on a map the address','As a lister, I want to be able to click on a map and pin point where the property should be on the map if the address can\'t be found on the map automatically.',NULL,124,NULL,10,NULL,NULL,NULL,NULL),(286,'Specify Pricing','As an admin, I want to specify the pricing structure and the pricing for listing and premium services.\n\nI want to be able to generate reports on pricing structures and performance.',NULL,125,NULL,10,NULL,NULL,NULL,NULL),(287,'Advertisement','As an admin, I want to be able to sell advertisement on the website.',NULL,126,NULL,10,NULL,NULL,NULL,NULL),(288,'Partnerships','As an admin, I want to be able to list premium links to partners for special services.',NULL,127,NULL,10,NULL,NULL,NULL,NULL),(289,'Provide Resources','As an admin, I want to be able to offer forms and resources to listers and renters/buyers to help them in renting/purchasing/selling properties.\n\n* Detailed help/howto pages\n* Downloads\n* General information',NULL,128,NULL,10,NULL,NULL,NULL,NULL),(290,'Provide public information about property','As a lister, I want to be able access public information about my property from the website when I am listing the property.\n\nHelpful links during the listing process will be helpful.\n\n* Value\n* General information\n* Links to local government websites/records',NULL,129,NULL,10,NULL,NULL,NULL,NULL),(291,'Dashboard','As a Process Administrator, I want clear guidance through the process so that I will be able to answer any questions.\n\n* Dashboard to quickly show the status of the process for a church or multiple churches',NULL,130,NULL,11,NULL,NULL,NULL,NULL),(292,'Support Material','As a process Administrator, I want to have support material readily available.\n\n* Help pages\n* Contact Information\n* Simplified Sitemap',NULL,131,NULL,11,NULL,NULL,NULL,NULL),(293,'CRUD Interview Text','As a process admin or interviewer, I want an easy way to transcribe the text materials I got in the interviews.  CRUD Interviews.',NULL,132,NULL,11,NULL,NULL,NULL,NULL),(294,'CRUD Group Reviews','As a group facilitator and/or scribe, I want to be able to CRUD group reviews.',NULL,133,NULL,11,NULL,NULL,NULL,NULL),(295,'Interpret Interview Asnwers & Group Review','As a reading team member, I want to view the interview material in various order\n\nInput - Input answers grouped by interview\n\nA) 1, 2, 3, 4, 5, 6, ...10\n\nOutput - View answers grouped by question\n\n1) A, B, C, D, E, ... X',NULL,134,NULL,11,NULL,NULL,NULL,NULL),(296,'CRUD Reading Team Report','As a reading team member, I want to be able to enter for each of the 18 questions the teams summary observations and team identifications of recommended issues or questions to consider.',NULL,135,NULL,11,NULL,NULL,NULL,NULL),(297,'Help Links/Pages','As a GOCN admin, I want to provide help/support materials for each step of the process and allow the users to be able to click on a \"help\" link to read up on the process and related instructions.',NULL,136,NULL,11,NULL,NULL,NULL,NULL),(298,'Automatically Generate Invoice','As a GOCN Admin, I want to be able to automatically generate invoices based on the inputs in the registration form.\n\n* Church Size\n* Average Worship Attendance',NULL,137,NULL,11,NULL,NULL,NULL,NULL),(299,'Designate Fee Scale','As a GOCN admin, I want to be able to designate the graduated fee scale.',NULL,138,NULL,11,NULL,NULL,NULL,NULL),(300,'Discounts','As a GOCN admin, I want to be able to give discounts and special deals for special/exceptional cases.',NULL,139,NULL,11,NULL,NULL,NULL,NULL),(301,'Registration Form','As a GOCN admin, I want a prospect to be able to register a church to use the tools.',NULL,140,NULL,11,NULL,NULL,NULL,NULL),(302,'Online Transactions','As a GOCN admin, I want to be able to receive payments online as the prospect registers a church',NULL,141,NULL,11,NULL,NULL,NULL,NULL),(303,'CRUD Users','As a GOCN Admin, I want to be able to CRUD users.',NULL,142,NULL,11,NULL,NULL,NULL,NULL),(304,'Designate MD Leadership Team','As the Process Administrator, I want to be able to designate the MD Leadership Team.\n\n* Steering Committee\n* Process Guide\n* Interviewers\n* Scribes\n* Group Facilitators\n* Reading Team Member\n* Report Facilitator\n* Training Workshop Leader',NULL,143,NULL,11,NULL,NULL,NULL,NULL),(305,'CRUD/Designate Roles','As the Admin, I want to be able to CRUD/designate roles to users.',NULL,144,NULL,11,NULL,NULL,NULL,NULL),(306,'Print users/roles','As a process administrator, I want an easy way to printout a list of user and their roles',NULL,145,NULL,11,NULL,NULL,NULL,NULL),(307,'Print in PDF form','As the admin, I want to be able to print in PDF form.\n\n* Easy printability\n* Nice formatting\n* Without having to manipulate the text to get a nice output',NULL,146,NULL,11,NULL,NULL,NULL,NULL),(308,'Transcribe/Enter Survey','As a data entry assistant, I want to be able to enter/transcribe the results of a paper survey.',NULL,147,NULL,11,NULL,NULL,NULL,NULL),(309,'Take Survey Online w/Access Code','As a congregation member/survey taker, I want to be able to take a survey online without a username, but with a access code.\n\n* With easy interface\n* With the ability to go back and change\n* With ability to save and go back later',NULL,148,NULL,11,NULL,NULL,NULL,NULL),(310,'Email Notification at signup','As the GOCN admin, I want to receive an email notification when a church signs up for service.',NULL,149,NULL,11,NULL,NULL,NULL,NULL),(311,'Login','As the GOCN admin, I want require the users to login to access their church website.',NULL,150,NULL,11,NULL,NULL,NULL,NULL),(312,'Unique Church URLs','As the GOCN admin, I want to create a unique URL for each new church/account\n\n* http://www.missionaldiscovery.org/[church name]\n\n* http://[church name].missionaldiscovery.org\n\n',NULL,151,NULL,11,NULL,NULL,NULL,NULL),(313,'Offer Additional Resources','As the GOCN admin, I want to offer additional resource before finalizing the registration process.',NULL,152,NULL,11,NULL,NULL,NULL,NULL),(314,'Store','As the GOCN admin, I want to offer additional resources on the website store.',NULL,153,NULL,11,NULL,NULL,NULL,NULL),(315,'Calculate/Generate Reports','As the GOCN admin, I want to the website to automatically calculate and generate reports based on the survey results.',NULL,154,NULL,11,NULL,NULL,NULL,NULL),(316,'Step-by-step guidance','As the MD leadership team, I want to be able to monitor the progress on a step-by-step basis.  I want to the website to clearly indicate and guide the process to ensure that each requirement for the step is being followed.\n\nThe website should automatically, allow access to the next step when all the criteria are completed.\n\nThere should be some overrides.  e.g. if there is not enough interviews then we should be able to move on.',NULL,155,NULL,11,NULL,NULL,NULL,NULL),(317,'CRUD and monitor Groups','As the Process Admin and/or Group Facilitator, I want to enter the names of the groups members being interview and monitor the progress of each group.',NULL,156,NULL,11,NULL,NULL,NULL,NULL),(318,'Download raw data','As the process administrator, I want to be able to download the raw data and the report in a zip file format.',NULL,157,NULL,11,NULL,NULL,NULL,NULL),(319,'Archive','As the GOCN admin, I want to be able to archive the church account and save the data for research purposes',NULL,158,NULL,11,NULL,NULL,NULL,NULL),(320,'Aggregate Data for research','As the GOCN admin, I want to be able access an aggregate of the data from each of the church results for research.',NULL,159,NULL,11,NULL,NULL,NULL,NULL),(321,'Interview/Group Material Export','As a reading team member, I want to be able to export the interviews and group material in a format that is acceptable by N6 or other qualitative research software.',NULL,160,NULL,11,NULL,NULL,NULL,NULL),(322,'Evaluation Feedback/Process','As the GOCN admin, I want the MD leadership team\'s evaluation of the process and all of the components.\n\n* Reading team - Was the instruction about how to go about this adequate?  \n* As you were reviewing the material was there any questions that was not clear about the intentions?',NULL,161,NULL,11,NULL,NULL,NULL,NULL),(323,'Add image to user','As a user I would like to be able to upload a picture of myself.',2,3,23,9,NULL,NULL,3,NULL),(324,'Add interests to user','As a user, I would like to be able to list my interests.',3,9,23,9,NULL,NULL,3,NULL),(326,'Close pending membership requests when joining team','As an user, I would like all my active membership requests to be closed once I join a team.',1,16,23,9,NULL,NULL,3,NULL),(327,'Activate team once roster is full','As a Team Owner, once my roster is full I would like the team to become active immediately and all membership requests are denied. Once active, no more membership requests are allowed.\n\nNotify all team members via email.\n\nNotify all denied user via email.',3,12,23,9,NULL,NULL,3,NULL),(328,'Restrict Users memberships','Student Users can only be member of one Active Team of each Team\nType, Country and International. No such restriction exists for Mentors and\nAdults.',3,17,23,9,NULL,NULL,3,NULL),(329,'User Profile','Determine what attributes should exist for all users\n\nDetermine user type specific attributes\n',2,5,23,9,NULL,NULL,3,NULL),(330,'Register and specific user type','As an unregistered user, I would like to be able to register as either a Student, Mentor, or Adult.',1,6,23,9,NULL,NULL,3,NULL),(332,'CRUD Teams','As a Student, I want to be able to create a new Team. Only student users should be able to create teams.\n\nThere should be two types of teams: Country and International.\n\nh3. Attributes\n\n* name\n* owner\n* status (open, active, disabled)\n* members',2,7,23,9,NULL,NULL,3,NULL),(333,'Country Team Roster','An Active Country Team is comprised of exactly one Adult User, one Mentor User, and two Student Users.\n\n\nA Student User can not belong to more than one Active Country Team.\n\nThe Mentor position can be left blank so the \nprocess can proceed.',3,13,23,9,NULL,NULL,3,NULL),(334,'International Team Roster','An Active International Team is comprised of exactly two Country Teams. \n\nA Country Team can not belong to more than one Active International Team.\n',3,7,NULL,9,NULL,NULL,NULL,NULL),(335,'Team Profile','Display all team information.',1,8,23,9,NULL,NULL,3,NULL),(336,'Disable team','When a team is disabled, notify all member and memberships via email. deny all membership requests.\n\nA team can become disabled when the owner joins another team.',2,6,NULL,9,NULL,NULL,NULL,NULL),(337,'Allow user to look for a team even if they are the owner','Normally, users can only belong to one team, and once they are part of a team, they cannot submit membership requests. This is true, except for owners, who can continue to look while their team is open.',3,5,NULL,9,NULL,NULL,NULL,NULL),(338,'Accept/Deny membership request','Team owners can accept/deny membership requests. The accepted/denied user should be emailed.\n\nIf accepting a user causes other membership request to become invalid, they should be denied and emailed.',3,15,23,9,NULL,NULL,3,NULL),(339,'Team Management','As an Admin, I want to CRUD teams.',2,4,23,9,NULL,NULL,3,NULL),(340,'Data Export','Admin users should be able to view/download the following data in\nspreadsheet form: Students, Adults, Mentors, Country Teams, International\nTeams. See\nhttp://www.globalchallengeaward.org.dev.obiki.org/admin_reports/index.html',2,0,NULL,9,NULL,NULL,NULL,NULL),(341,'Show team on user profile page','On profile page, display users current country/international team or all membership requests',2,11,23,9,NULL,NULL,3,NULL),(342,'Show members on team page','On team profile page, display all members or membership requests',2,10,23,9,NULL,NULL,3,NULL),(343,'Convert Unit Tests to RSpec','Convert strac unit tests to use rspec 1.0.5',2,0,24,1,NULL,NULL,3,NULL),(344,'Convert Functional Tests to RSpec','Convert functional tests to RSpec',4,0,25,1,NULL,NULL,1,NULL),(345,'Add Integration Test for Logging In','An integration test should be added in rspec for a user logging in. It should include:\n\n* successful login\n* unsuccessful login',NULL,1,25,1,NULL,NULL,NULL,NULL),(346,'Add Integration Test for CRUD\'ing a Project','',NULL,2,25,1,NULL,NULL,NULL,NULL),(347,'Add Integration Test for CRUD\'ing an Iteration','',NULL,3,25,1,NULL,NULL,NULL,NULL),(348,'Add Integration Test for CRUD\'ing a Story','',NULL,4,25,1,NULL,NULL,NULL,NULL),(349,'Add Integration Test for Point Calculations / Sidebar','',NULL,5,25,1,NULL,NULL,NULL,NULL),(350,'Add Integration Test for Project Overview','',NULL,6,25,1,NULL,NULL,NULL,NULL),(351,'Add Integration Test for CRUD\'ing a User','',NULL,7,25,1,NULL,NULL,NULL,NULL),(352,'Add Integration Test for Adding a user to a project','',NULL,9,25,1,NULL,NULL,NULL,NULL),(353,'Add Integration Test for adding a company to a project','',NULL,8,25,1,NULL,NULL,NULL,NULL),(354,'Fix Migrations','Currently migrations don\'t successfully work. If you migrate all the way up you can\'t migrate down. If you migrate up then the application won\'t work unless you use script/console to fix privileges/groups.',2,1,24,1,NULL,NULL,3,NULL);
/*!40000 ALTER TABLE `stories` ENABLE KEYS */;
UNLOCK TABLES;

--
-- Table structure for table `taggings`
--

DROP TABLE IF EXISTS `taggings`;
CREATE TABLE `taggings` (
  `id` int(11) NOT NULL auto_increment,
  `tag_id` int(11) default NULL,
  `taggable_id` int(11) default NULL,
  `taggable_type` varchar(255) default NULL,
  PRIMARY KEY  (`id`)
) ENGINE=InnoDB DEFAULT CHARSET=latin1;

--
-- Dumping data for table `taggings`
--

LOCK TABLES `taggings` WRITE;
/*!40000 ALTER TABLE `taggings` DISABLE KEYS */;
INSERT INTO `taggings` VALUES (1,1,26,'Story'),(2,2,27,'Story'),(4,4,5,'Story'),(6,6,6,'Story'),(8,2,30,'Story'),(11,7,7,'Story'),(12,9,33,'Story'),(13,11,34,'Story'),(14,12,35,'Story'),(16,14,51,'Story'),(17,14,23,'Story'),(18,5,50,'Story'),(19,15,8,'Story'),(20,15,9,'Story'),(21,5,10,'Story'),(23,5,5,'Story'),(24,15,77,'Story'),(25,17,125,'Story'),(29,18,118,'Story'),(30,18,119,'Story'),(31,18,120,'Story'),(32,18,121,'Story'),(33,18,131,'Story'),(34,18,122,'Story'),(35,18,130,'Story'),(37,18,129,'Story'),(38,18,124,'Story'),(39,18,128,'Story'),(40,18,126,'Story'),(41,18,127,'Story'),(42,18,125,'Story'),(43,18,132,'Story'),(44,18,133,'Story'),(45,18,134,'Story'),(46,18,135,'Story'),(47,18,137,'Story'),(58,20,118,'Story'),(59,20,119,'Story'),(62,20,120,'Story'),(63,20,121,'Story'),(64,20,131,'Story'),(65,20,122,'Story'),(66,20,124,'Story'),(67,20,125,'Story'),(70,20,126,'Story'),(71,21,137,'Story'),(72,20,127,'Story'),(74,20,128,'Story'),(76,21,135,'Story'),(77,20,129,'Story'),(78,20,130,'Story'),(79,21,134,'Story'),(81,21,133,'Story'),(83,17,135,'Story'),(84,17,133,'Story'),(86,22,132,'Story'),(87,23,139,'Story'),(88,20,139,'Story'),(89,23,140,'Story'),(90,21,140,'Story'),(91,23,141,'Story'),(92,20,141,'Story'),(97,23,144,'Story'),(98,24,144,'Story'),(99,23,145,'Story'),(100,20,145,'Story'),(103,23,147,'Story'),(104,20,147,'Story'),(105,23,148,'Story'),(106,21,148,'Story'),(107,25,149,'Story'),(108,24,149,'Story'),(109,25,150,'Story'),(110,24,150,'Story'),(111,26,151,'Story'),(112,24,151,'Story'),(113,25,152,'Story'),(114,24,152,'Story'),(115,26,153,'Story'),(116,24,153,'Story'),(117,25,154,'Story'),(118,24,154,'Story'),(119,26,155,'Story'),(120,24,155,'Story'),(121,26,156,'Story'),(122,27,156,'Story'),(123,25,157,'Story'),(124,24,157,'Story'),(125,26,158,'Story'),(127,24,158,'Story'),(130,28,160,'Story'),(131,27,160,'Story'),(132,26,161,'Story'),(133,24,161,'Story'),(134,28,162,'Story'),(135,27,162,'Story'),(136,28,163,'Story'),(137,27,163,'Story'),(138,28,164,'Story'),(139,27,164,'Story'),(140,29,165,'Story'),(141,20,165,'Story'),(142,29,166,'Story'),(143,21,166,'Story'),(144,28,167,'Story'),(145,27,167,'Story'),(146,18,168,'Story'),(147,21,168,'Story'),(148,18,169,'Story'),(149,20,169,'Story'),(150,18,170,'Story'),(151,21,170,'Story'),(152,30,343,'Story'),(153,30,344,'Story'),(154,30,345,'Story');
/*!40000 ALTER TABLE `taggings` ENABLE KEYS */;
UNLOCK TABLES;

--
-- Table structure for table `tags`
--

DROP TABLE IF EXISTS `tags`;
CREATE TABLE `tags` (
  `id` int(11) NOT NULL auto_increment,
  `name` varchar(255) default NULL,
  PRIMARY KEY  (`id`)
) ENGINE=InnoDB DEFAULT CHARSET=latin1;

--
-- Dumping data for table `tags`
--

LOCK TABLES `tags` WRITE;
/*!40000 ALTER TABLE `tags` DISABLE KEYS */;
INSERT INTO `tags` VALUES (1,'javascript'),(2,'tags'),(3,'crud stories'),(4,'crud'),(5,'stories'),(6,'priority'),(7,'points'),(8,'ppp'),(9,'time tracking'),(10,'planning'),(11,'channels'),(12,'categories'),(13,'hey'),(14,'responsible party'),(15,'iterations'),(16,'storie'),(17,'Secure'),(18,'round1'),(19,'AffiliateAdmin'),(20,'master admin'),(21,'affiliate admin'),(22,'affilliate admin'),(23,'round2'),(24,'account admin'),(25,'round3'),(26,'round4'),(27,'user'),(28,'round5'),(29,'round6'),(30,'rspec');
/*!40000 ALTER TABLE `tags` ENABLE KEYS */;
UNLOCK TABLES;

--
-- Table structure for table `time_entries`
--

DROP TABLE IF EXISTS `time_entries`;
CREATE TABLE `time_entries` (
  `id` int(11) NOT NULL auto_increment,
  `hours` decimal(10,2) default NULL,
  `comment` varchar(255) default NULL,
  `date` date default NULL,
  `project_id` int(11) default NULL,
  `timeable_id` int(11) default NULL,
  `timeable_type` varchar(255) default NULL,
  PRIMARY KEY  (`id`)
) ENGINE=InnoDB DEFAULT CHARSET=latin1;

--
-- Dumping data for table `time_entries`
--

LOCK TABLES `time_entries` WRITE;
/*!40000 ALTER TABLE `time_entries` DISABLE KEYS */;
/*!40000 ALTER TABLE `time_entries` ENABLE KEYS */;
UNLOCK TABLES;

--
-- Table structure for table `users`
--

DROP TABLE IF EXISTS `users`;
CREATE TABLE `users` (
  `id` int(11) NOT NULL auto_increment,
  `username` varchar(255) default NULL,
  `password_hash` varchar(255) default NULL,
  `first_name` varchar(255) default NULL,
  `last_name` varchar(255) default NULL,
  `email_address` varchar(255) default NULL,
  `group_id` int(11) default NULL,
  `company_id` int(11) default NULL,
  PRIMARY KEY  (`id`)
) ENGINE=InnoDB DEFAULT CHARSET=latin1;

--
-- Dumping data for table `users`
--

LOCK TABLES `users` WRITE;
/*!40000 ALTER TABLE `users` DISABLE KEYS */;
INSERT INTO `users` VALUES (1,'mvanholstyn','3426c19b17768f5e5c3d5a4c53952395','Mark','Van Holstyn','mvanholstyn@mutuallyhuman.com',9,1),(2,'zdennis','5f4dcc3b5aa765d61d8327deb882cf99','Zach','Dennis','zdennis@atomicobject.com',9,3),(4,'karlin','e99a18c428cb38d5f260853678922e03','Karlin','Fox','fox@atomicobject.com',7,3),(5,'justin','211c42bb02f7a9e63d30e9a12222577c','Justin','Dewind','dewind@atomicobject.com',7,3),(6,'patrick','8e3a8d3e644e608d25ec40162988a137','Patrick','Bacon','bacon@atomicobject.com',7,3),(7,'dave','104e08045184a4f111170f990e274e3a','Dave','Crosby','crosby@atomicobject.com',7,3),(8,'jhwang','4a9ff7131c612a17cd210c88755a07aa','John','Hwang','jhwang@mutuallyhuman.com',9,1),(10,'jbaty','7799d5720631b30c17c07b6c174dd78c','Jack','Baty','jbaty@fusionary.com',7,2),(11,'jgephart','f94adcc3ddda04a8f34928d862f404b4','Josh','Gephart','jdgephart@gmail.com',7,4),(12,'micah','e99a18c428cb38d5f260853678922e03','Micah','Alles','alles@atomicobject.com',6,3);
/*!40000 ALTER TABLE `users` ENABLE KEYS */;
UNLOCK TABLES;
/*!40103 SET TIME_ZONE=@OLD_TIME_ZONE */;

/*!40101 SET SQL_MODE=@OLD_SQL_MODE */;
/*!40014 SET FOREIGN_KEY_CHECKS=@OLD_FOREIGN_KEY_CHECKS */;
/*!40014 SET UNIQUE_CHECKS=@OLD_UNIQUE_CHECKS */;
/*!40101 SET CHARACTER_SET_CLIENT=@OLD_CHARACTER_SET_CLIENT */;
/*!40101 SET CHARACTER_SET_RESULTS=@OLD_CHARACTER_SET_RESULTS */;
/*!40101 SET COLLATION_CONNECTION=@OLD_COLLATION_CONNECTION */;
/*!40111 SET SQL_NOTES=@OLD_SQL_NOTES */;

-- Dump completed on 2007-07-08 15:16:49
